INFO:logger:
---------------------------------------------------------------
API v1.0 online: http://localhost:8080/departments/


INFO:werkzeug:[31m[1mWARNING: This is a development server. Do not use it in a production deployment. Use a production WSGI server instead.[0m
 * Running on all addresses (0.0.0.0)
 * Running on http://127.0.0.1:8080
 * Running on http://172.18.0.3:8080
INFO:werkzeug:[33mPress CTRL+C to quit[0m
INFO:werkzeug: * Restarting with stat
INFO:logger:
---------------------------------------------------------------
API v1.0 online: http://localhost:8080/departments/


WARNING:werkzeug: * Debugger is active!
INFO:werkzeug: * Debugger PIN: 146-091-103
INFO:logger:
---------------------------------------------------------------
API v1.0 online: http://localhost:8080/departments/


INFO:werkzeug:[31m[1mWARNING: This is a development server. Do not use it in a production deployment. Use a production WSGI server instead.[0m
 * Running on all addresses (0.0.0.0)
 * Running on http://127.0.0.1:8080
 * Running on http://172.18.0.3:8080
INFO:werkzeug:[33mPress CTRL+C to quit[0m
INFO:werkzeug: * Restarting with stat
INFO:logger:
---------------------------------------------------------------
API v1.0 online: http://localhost:8080/departments/


WARNING:werkzeug: * Debugger is active!
INFO:werkzeug: * Debugger PIN: 146-091-103
INFO:werkzeug: * Detected change in '/app/cloud_query.py', reloading
INFO:werkzeug: * Restarting with stat
INFO:logger:
---------------------------------------------------------------
API v1.0 online: http://localhost:8080/departments/


WARNING:werkzeug: * Debugger is active!
INFO:werkzeug: * Debugger PIN: 146-091-103
INFO:logger:
---------------------------------------------------------------
API v1.0 online: http://localhost:8080/departments/


INFO:werkzeug:[31m[1mWARNING: This is a development server. Do not use it in a production deployment. Use a production WSGI server instead.[0m
 * Running on all addresses (0.0.0.0)
 * Running on http://127.0.0.1:8080
 * Running on http://172.18.0.3:8080
INFO:werkzeug:[33mPress CTRL+C to quit[0m
INFO:werkzeug: * Restarting with stat
INFO:logger:
---------------------------------------------------------------
API v1.0 online: http://localhost:8080/departments/


WARNING:werkzeug: * Debugger is active!
INFO:werkzeug: * Debugger PIN: 146-091-103
INFO:logger:
---------------------------------------------------------------
API v1.0 online: http://localhost:8080/departments/


INFO:werkzeug:[31m[1mWARNING: This is a development server. Do not use it in a production deployment. Use a production WSGI server instead.[0m
 * Running on all addresses (0.0.0.0)
 * Running on http://127.0.0.1:8080
 * Running on http://172.18.0.3:8080
INFO:werkzeug:[33mPress CTRL+C to quit[0m
INFO:werkzeug: * Restarting with stat
INFO:logger:
---------------------------------------------------------------
API v1.0 online: http://localhost:8080/departments/


WARNING:werkzeug: * Debugger is active!
INFO:werkzeug: * Debugger PIN: 146-091-103
INFO:logger:
---------------------------------------------------------------
API v1.0 online: http://localhost:8080/departments/


INFO:werkzeug:[31m[1mWARNING: This is a development server. Do not use it in a production deployment. Use a production WSGI server instead.[0m
 * Running on all addresses (0.0.0.0)
 * Running on http://127.0.0.1:8080
 * Running on http://192.168.1.137:8080
INFO:werkzeug:[33mPress CTRL+C to quit[0m
INFO:werkzeug: * Restarting with stat
INFO:logger:
---------------------------------------------------------------
API v1.0 online: http://localhost:8080/departments/


WARNING:werkzeug: * Debugger is active!
INFO:werkzeug: * Debugger PIN: 105-872-535
INFO:logger:###              DEMO: GET /departments              ###
INFO:werkzeug:127.0.0.1 - - [25/Nov/2024 11:14:05] "[35m[1mGET /departments/ HTTP/1.1[0m" 500 -
INFO:logger:###              DEMO: GET /departments              ###
INFO:werkzeug:127.0.0.1 - - [25/Nov/2024 11:14:05] "[35m[1mGET /departments/ HTTP/1.1[0m" 500 -
INFO:werkzeug:127.0.0.1 - - [25/Nov/2024 11:14:05] "[36mGET /departments/?__debugger__=yes&cmd=resource&f=debugger.js HTTP/1.1[0m" 304 -
INFO:werkzeug:127.0.0.1 - - [25/Nov/2024 11:14:05] "[36mGET /departments/?__debugger__=yes&cmd=resource&f=style.css HTTP/1.1[0m" 304 -
INFO:werkzeug:127.0.0.1 - - [25/Nov/2024 11:14:05] "[36mGET /departments/?__debugger__=yes&cmd=resource&f=debugger.js HTTP/1.1[0m" 304 -
INFO:werkzeug:127.0.0.1 - - [25/Nov/2024 11:14:05] "[36mGET /departments/?__debugger__=yes&cmd=resource&f=style.css HTTP/1.1[0m" 304 -
INFO:werkzeug:127.0.0.1 - - [25/Nov/2024 11:14:05] "GET /departments/?__debugger__=yes&cmd=resource&f=console.png&s=zkz6h86C6HOS1E5DIQ2T HTTP/1.1" 200 -
INFO:werkzeug:127.0.0.1 - - [25/Nov/2024 11:14:05] "[36mGET /departments/?__debugger__=yes&cmd=resource&f=console.png&s=zkz6h86C6HOS1E5DIQ2T HTTP/1.1[0m" 304 -
INFO:werkzeug:127.0.0.1 - - [25/Nov/2024 11:14:18] "GET / HTTP/1.1" 200 -
INFO:werkzeug:127.0.0.1 - - [25/Nov/2024 11:14:18] "[33mGET /favicon.ico HTTP/1.1[0m" 404 -
INFO:logger:
---------------------------------------------------------------
API v1.0 online: http://localhost:8080/departments/


INFO:werkzeug:[31m[1mWARNING: This is a development server. Do not use it in a production deployment. Use a production WSGI server instead.[0m
 * Running on all addresses (0.0.0.0)
 * Running on http://127.0.0.1:8080
 * Running on http://192.168.1.137:8080
INFO:werkzeug:[33mPress CTRL+C to quit[0m
INFO:werkzeug: * Restarting with stat
INFO:logger:
---------------------------------------------------------------
API v1.0 online: http://localhost:8080/departments/


WARNING:werkzeug: * Debugger is active!
INFO:werkzeug: * Debugger PIN: 105-872-535
INFO:logger:###              DEMO: GET /departments              ###
INFO:werkzeug:127.0.0.1 - - [25/Nov/2024 11:16:41] "[35m[1mGET /departments/ HTTP/1.1[0m" 500 -
INFO:logger:###              DEMO: GET /departments              ###
INFO:werkzeug:127.0.0.1 - - [25/Nov/2024 11:16:41] "[35m[1mGET /departments/ HTTP/1.1[0m" 500 -
INFO:werkzeug:127.0.0.1 - - [25/Nov/2024 11:16:41] "[36mGET /departments/?__debugger__=yes&cmd=resource&f=style.css HTTP/1.1[0m" 304 -
INFO:werkzeug:127.0.0.1 - - [25/Nov/2024 11:16:41] "[36mGET /departments/?__debugger__=yes&cmd=resource&f=debugger.js HTTP/1.1[0m" 304 -
INFO:werkzeug:127.0.0.1 - - [25/Nov/2024 11:16:41] "[36mGET /departments/?__debugger__=yes&cmd=resource&f=style.css HTTP/1.1[0m" 304 -
INFO:werkzeug:127.0.0.1 - - [25/Nov/2024 11:16:41] "[36mGET /departments/?__debugger__=yes&cmd=resource&f=debugger.js HTTP/1.1[0m" 304 -
INFO:werkzeug:127.0.0.1 - - [25/Nov/2024 11:16:41] "GET /departments/?__debugger__=yes&cmd=resource&f=console.png&s=nWMVxMQCROgbUsqE4EGh HTTP/1.1" 200 -
INFO:werkzeug:127.0.0.1 - - [25/Nov/2024 11:16:41] "[36mGET /departments/?__debugger__=yes&cmd=resource&f=console.png&s=nWMVxMQCROgbUsqE4EGh HTTP/1.1[0m" 304 -
INFO:werkzeug:127.0.0.1 - - [25/Nov/2024 11:16:48] "GET / HTTP/1.1" 200 -
INFO:werkzeug: * Detected change in '/Users/francisca_mateus/Desktop/Universidade/2º Ano/1º Semestre/SGD/Projeto/Cloud-Query/python/app/cloud_query.py', reloading
INFO:werkzeug: * Restarting with stat
INFO:logger:
---------------------------------------------------------------
API v1.0 online: http://localhost:8080/


WARNING:werkzeug: * Debugger is active!
INFO:werkzeug: * Debugger PIN: 105-872-535
INFO:werkzeug:127.0.0.1 - - [25/Nov/2024 11:17:19] "GET / HTTP/1.1" 200 -
INFO:werkzeug:127.0.0.1 - - [25/Nov/2024 11:17:19] "GET / HTTP/1.1" 200 -
INFO:logger:###              DEMO: GET /users/<username>              ###
DEBUG:logger:ndep: francisca.mateus.sgd
INFO:werkzeug:127.0.0.1 - - [25/Nov/2024 11:18:25] "[35m[1mGET /users/francisca.mateus.sgd HTTP/1.1[0m" 500 -
INFO:werkzeug:127.0.0.1 - - [25/Nov/2024 11:18:25] "GET /users/francisca.mateus.sgd?__debugger__=yes&cmd=resource&f=style.css HTTP/1.1" 200 -
INFO:werkzeug:127.0.0.1 - - [25/Nov/2024 11:18:25] "GET /users/francisca.mateus.sgd?__debugger__=yes&cmd=resource&f=debugger.js HTTP/1.1" 200 -
INFO:werkzeug:127.0.0.1 - - [25/Nov/2024 11:18:25] "GET /users/francisca.mateus.sgd?__debugger__=yes&cmd=resource&f=console.png&s=EKZkjGXkEUec4Zdb0YS7 HTTP/1.1" 200 -
INFO:werkzeug:127.0.0.1 - - [25/Nov/2024 11:18:25] "GET /users/francisca.mateus.sgd?__debugger__=yes&cmd=resource&f=console.png HTTP/1.1" 200 -
INFO:logger:###              DEMO: GET /users/<username>              ###
DEBUG:logger:ndep: francisca.mateus
INFO:werkzeug:127.0.0.1 - - [25/Nov/2024 11:18:43] "[35m[1mGET /users/francisca.mateus HTTP/1.1[0m" 500 -
INFO:werkzeug:127.0.0.1 - - [25/Nov/2024 11:18:44] "GET /users/francisca.mateus?__debugger__=yes&cmd=resource&f=style.css HTTP/1.1" 200 -
INFO:werkzeug:127.0.0.1 - - [25/Nov/2024 11:18:44] "GET /users/francisca.mateus?__debugger__=yes&cmd=resource&f=debugger.js HTTP/1.1" 200 -
INFO:werkzeug:127.0.0.1 - - [25/Nov/2024 11:18:44] "GET /users/francisca.mateus?__debugger__=yes&cmd=resource&f=console.png&s=EKZkjGXkEUec4Zdb0YS7 HTTP/1.1" 200 -
INFO:werkzeug:127.0.0.1 - - [25/Nov/2024 11:18:44] "GET /users/francisca.mateus?__debugger__=yes&cmd=resource&f=console.png HTTP/1.1" 200 -
INFO:logger:###              DEMO: GET /users/<username>              ###
DEBUG:logger:ndep: francisca.sgd
DEBUG:logger:---- selected user  ----
DEBUG:logger:(1, 'francisca.sgd', 'francisca.sgd@test.com', 'test#123!')
INFO:werkzeug:127.0.0.1 - - [25/Nov/2024 11:20:02] "GET /users/francisca.sgd HTTP/1.1" 200 -
INFO:logger:
---------------------------------------------------------------
API v1.0 online: http://localhost:8080/cloud-query/


INFO:werkzeug:[31m[1mWARNING: This is a development server. Do not use it in a production deployment. Use a production WSGI server instead.[0m
 * Running on all addresses (0.0.0.0)
 * Running on http://127.0.0.1:8080
 * Running on http://192.168.1.137:8080
INFO:werkzeug:[33mPress CTRL+C to quit[0m
INFO:werkzeug: * Restarting with stat
INFO:logger:
---------------------------------------------------------------
API v1.0 online: http://localhost:8080/cloud-query/


WARNING:werkzeug: * Debugger is active!
INFO:werkzeug: * Debugger PIN: 105-872-535
INFO:werkzeug:127.0.0.1 - - [25/Nov/2024 11:24:24] "GET /cloud-query/ HTTP/1.1" 200 -
INFO:werkzeug:127.0.0.1 - - [25/Nov/2024 11:24:24] "GET /cloud-query/ HTTP/1.1" 200 -
INFO:werkzeug:127.0.0.1 - - [25/Nov/2024 11:25:24] "[33mGET /cloud-query/user HTTP/1.1[0m" 404 -
INFO:werkzeug: * Detected change in '/Users/francisca_mateus/Desktop/Universidade/2º Ano/1º Semestre/SGD/Projeto/Cloud-Query/python/app/cloud_query.py', reloading
INFO:werkzeug: * Restarting with stat
INFO:logger:
---------------------------------------------------------------
API v1.0 online: http://localhost:8080/cloud-query/


WARNING:werkzeug: * Debugger is active!
INFO:werkzeug: * Debugger PIN: 105-872-535
INFO:werkzeug: * Detected change in '/Users/francisca_mateus/Desktop/Universidade/2º Ano/1º Semestre/SGD/Projeto/Cloud-Query/python/app/cloud_query.py', reloading
INFO:werkzeug: * Restarting with stat
INFO:logger:
---------------------------------------------------------------
API v1.0 online: http://localhost:8080/cloud-query/


INFO:werkzeug:[31m[1mWARNING: This is a development server. Do not use it in a production deployment. Use a production WSGI server instead.[0m
 * Running on all addresses (0.0.0.0)
 * Running on http://127.0.0.1:8080
 * Running on http://192.168.1.137:8080
INFO:werkzeug:[33mPress CTRL+C to quit[0m
INFO:werkzeug: * Restarting with stat
INFO:logger:
---------------------------------------------------------------
API v1.0 online: http://localhost:8080/cloud-query/


WARNING:werkzeug: * Debugger is active!
INFO:werkzeug: * Debugger PIN: 105-872-535
INFO:logger:###              DEMO: POST /users              ###
INFO:werkzeug:127.0.0.1 - - [25/Nov/2024 11:54:04] "[31m[1mPOST /cloud-query/user HTTP/1.1[0m" 400 -
INFO:logger:###              DEMO: POST /users              ###
INFO:werkzeug:127.0.0.1 - - [25/Nov/2024 11:55:20] "[31m[1mPOST /cloud-query/user HTTP/1.1[0m" 400 -
INFO:logger:###              DEMO: POST /users              ###
INFO:logger:---- new user  ----
DEBUG:logger:payload: {'username': 'ramyad_123', 'email': 'ramyad_123@test.com', 'password': 'test#123!'}
INFO:werkzeug:127.0.0.1 - - [25/Nov/2024 11:55:27] "POST /cloud-query/user HTTP/1.1" 200 -
INFO:werkzeug: * Detected change in '/Users/francisca_mateus/Desktop/Universidade/2º Ano/1º Semestre/SGD/Projeto/Cloud-Query/python/app/cloud_query.py', reloading
INFO:werkzeug: * Restarting with stat
INFO:logger:
---------------------------------------------------------------
API v1.0 online: http://localhost:8080/cloud-query/


WARNING:werkzeug: * Debugger is active!
INFO:werkzeug: * Debugger PIN: 105-872-535
INFO:werkzeug: * Detected change in '/Users/francisca_mateus/Desktop/Universidade/2º Ano/1º Semestre/SGD/Projeto/Cloud-Query/python/app/cloud_query.py', reloading
INFO:werkzeug: * Restarting with stat
INFO:logger:
---------------------------------------------------------------
API v1.0 online: http://localhost:8080/cloud-query/


WARNING:werkzeug: * Debugger is active!
INFO:werkzeug: * Debugger PIN: 105-872-535
INFO:werkzeug: * Detected change in '/Users/francisca_mateus/Desktop/Universidade/2º Ano/1º Semestre/SGD/Projeto/Cloud-Query/python/app/cloud_query.py', reloading
INFO:werkzeug: * Restarting with stat
INFO:logger:
---------------------------------------------------------------
API v1.0 online: http://localhost:8080/cloud-query/


WARNING:werkzeug: * Debugger is active!
INFO:werkzeug: * Debugger PIN: 105-872-535
INFO:werkzeug: * Detected change in '/Users/francisca_mateus/Desktop/Universidade/2º Ano/1º Semestre/SGD/Projeto/Cloud-Query/python/app/cloud_query.py', reloading
INFO:werkzeug: * Restarting with stat
INFO:logger:
---------------------------------------------------------------
API v1.0 online: http://localhost:8080/cloud-query/


INFO:werkzeug:[31m[1mWARNING: This is a development server. Do not use it in a production deployment. Use a production WSGI server instead.[0m
 * Running on all addresses (0.0.0.0)
 * Running on http://127.0.0.1:8080
 * Running on http://192.168.1.137:8080
INFO:werkzeug:[33mPress CTRL+C to quit[0m
INFO:werkzeug: * Restarting with stat
INFO:logger:
---------------------------------------------------------------
API v1.0 online: http://localhost:8080/cloud-query/


WARNING:werkzeug: * Debugger is active!
INFO:werkzeug: * Debugger PIN: 105-872-535
INFO:werkzeug: * Detected change in '/Users/francisca_mateus/Desktop/Universidade/2º Ano/1º Semestre/SGD/Projeto/Cloud-Query/python/app/cloud_query.py', reloading
INFO:werkzeug: * Restarting with stat
INFO:logger:
---------------------------------------------------------------
API v1.0 online: http://localhost:8080/cloud-query/


WARNING:werkzeug: * Debugger is active!
INFO:werkzeug: * Debugger PIN: 105-872-535
INFO:logger:###              DEMO: PUT /users              ###
INFO:werkzeug:127.0.0.1 - - [25/Nov/2024 12:24:37] "[35m[1mPUT /cloud-query/user HTTP/1.1[0m" 500 -
INFO:werkzeug: * Detected change in '/Users/francisca_mateus/Desktop/Universidade/2º Ano/1º Semestre/SGD/Projeto/Cloud-Query/python/app/cloud_query.py', reloading
INFO:werkzeug: * Restarting with stat
INFO:logger:
---------------------------------------------------------------
API v1.0 online: http://localhost:8080/cloud-query/


INFO:werkzeug:[31m[1mWARNING: This is a development server. Do not use it in a production deployment. Use a production WSGI server instead.[0m
 * Running on all addresses (0.0.0.0)
 * Running on http://127.0.0.1:8080
 * Running on http://192.168.1.137:8080
INFO:werkzeug:[33mPress CTRL+C to quit[0m
INFO:werkzeug: * Restarting with stat
INFO:logger:
---------------------------------------------------------------
API v1.0 online: http://localhost:8080/cloud-query/


WARNING:werkzeug: * Debugger is active!
INFO:werkzeug: * Debugger PIN: 105-872-535
INFO:logger:###              DEMO: PUT /users              ###
INFO:werkzeug:127.0.0.1 - - [25/Nov/2024 12:28:03] "[35m[1mPUT /cloud-query/user HTTP/1.1[0m" 500 -
INFO:werkzeug: * Detected change in '/Users/francisca_mateus/Desktop/Universidade/2º Ano/1º Semestre/SGD/Projeto/Cloud-Query/python/app/cloud_query.py', reloading
INFO:werkzeug: * Restarting with stat
INFO:logger:
---------------------------------------------------------------
API v1.0 online: http://localhost:8080/cloud-query/


WARNING:werkzeug: * Debugger is active!
INFO:werkzeug: * Debugger PIN: 105-872-535
INFO:logger:###              DEMO: PUT /users              ###
INFO:werkzeug:127.0.0.1 - - [25/Nov/2024 12:29:50] "[35m[1mPUT /cloud-query/user HTTP/1.1[0m" 500 -
INFO:logger:
---------------------------------------------------------------
API v1.0 online: http://localhost:8080/cloud-query/


INFO:werkzeug:[31m[1mWARNING: This is a development server. Do not use it in a production deployment. Use a production WSGI server instead.[0m
 * Running on all addresses (0.0.0.0)
 * Running on http://127.0.0.1:8080
 * Running on http://192.168.1.137:8080
INFO:werkzeug:[33mPress CTRL+C to quit[0m
INFO:werkzeug: * Restarting with stat
INFO:logger:
---------------------------------------------------------------
API v1.0 online: http://localhost:8080/cloud-query/


WARNING:werkzeug: * Debugger is active!
INFO:werkzeug: * Debugger PIN: 105-872-535
INFO:logger:###              DEMO: PUT /users              ###
INFO:werkzeug:127.0.0.1 - - [25/Nov/2024 12:31:55] "[35m[1mPUT /cloud-query/user HTTP/1.1[0m" 500 -
INFO:werkzeug: * Detected change in '/Users/francisca_mateus/Desktop/Universidade/2º Ano/1º Semestre/SGD/Projeto/Cloud-Query/python/app/cloud_query.py', reloading
INFO:werkzeug: * Restarting with stat
INFO:logger:
---------------------------------------------------------------
API v1.0 online: http://localhost:8080/cloud-query/


WARNING:werkzeug: * Debugger is active!
INFO:werkzeug: * Debugger PIN: 105-872-535
INFO:werkzeug: * Detected change in '/Users/francisca_mateus/Desktop/Universidade/2º Ano/1º Semestre/SGD/Projeto/Cloud-Query/python/app/cloud_query.py', reloading
INFO:werkzeug: * Restarting with stat
INFO:logger:
---------------------------------------------------------------
API v1.0 online: http://localhost:8080/cloud-query/


WARNING:werkzeug: * Debugger is active!
INFO:werkzeug: * Debugger PIN: 105-872-535
INFO:logger:###              DEMO: PUT /users              ###
INFO:werkzeug:127.0.0.1 - - [25/Nov/2024 12:36:20] "[35m[1mPUT /cloud-query/user HTTP/1.1[0m" 500 -
INFO:logger:
---------------------------------------------------------------
API v1.0 online: http://localhost:8080/cloud-query/


INFO:werkzeug:[31m[1mWARNING: This is a development server. Do not use it in a production deployment. Use a production WSGI server instead.[0m
 * Running on all addresses (0.0.0.0)
 * Running on http://127.0.0.1:8080
 * Running on http://192.168.1.137:8080
INFO:werkzeug:[33mPress CTRL+C to quit[0m
INFO:werkzeug: * Restarting with stat
INFO:logger:
---------------------------------------------------------------
API v1.0 online: http://localhost:8080/cloud-query/


WARNING:werkzeug: * Debugger is active!
INFO:werkzeug: * Debugger PIN: 105-872-535
INFO:logger:###              DEMO: PUT /users              ###
INFO:werkzeug:127.0.0.1 - - [25/Nov/2024 12:37:30] "[35m[1mPUT /cloud-query/user HTTP/1.1[0m" 500 -
INFO:werkzeug: * Detected change in '/Users/francisca_mateus/Desktop/Universidade/2º Ano/1º Semestre/SGD/Projeto/Cloud-Query/python/app/cloud_query.py', reloading
INFO:werkzeug: * Restarting with stat
INFO:logger:
---------------------------------------------------------------
API v1.0 online: http://localhost:8080/cloud-query/


WARNING:werkzeug: * Debugger is active!
INFO:werkzeug: * Debugger PIN: 105-872-535
INFO:werkzeug: * Detected change in '/Users/francisca_mateus/Desktop/Universidade/2º Ano/1º Semestre/SGD/Projeto/Cloud-Query/python/app/cloud_query.py', reloading
INFO:werkzeug: * Restarting with stat
INFO:logger:
---------------------------------------------------------------
API v1.0 online: http://localhost:8080/cloud-query/


WARNING:werkzeug: * Debugger is active!
INFO:werkzeug: * Debugger PIN: 105-872-535
INFO:werkzeug: * Detected change in '/Users/francisca_mateus/Desktop/Universidade/2º Ano/1º Semestre/SGD/Projeto/Cloud-Query/python/app/cloud_query.py', reloading
INFO:werkzeug: * Restarting with stat
INFO:logger:
---------------------------------------------------------------
API v1.0 online: http://localhost:8080/cloud-query/


WARNING:werkzeug: * Debugger is active!
INFO:werkzeug: * Debugger PIN: 105-872-535
INFO:logger:###              DEMO: POST /users              ###
INFO:logger:---- new user  ----
DEBUG:logger:payload: {'username': 'ramyad_123', 'email': 'ramyad_123@test.com', 'password': 'test#123!'}
INFO:werkzeug:127.0.0.1 - - [25/Nov/2024 12:49:06] "POST /cloud-query/user HTTP/1.1" 200 -
INFO:logger:###              DEMO: PUT /users              ###
INFO:werkzeug:127.0.0.1 - - [25/Nov/2024 12:49:15] "[35m[1mPUT /cloud-query/user HTTP/1.1[0m" 500 -
INFO:werkzeug: * Detected change in '/Users/francisca_mateus/Desktop/Universidade/2º Ano/1º Semestre/SGD/Projeto/Cloud-Query/python/app/cloud_query.py', reloading
INFO:werkzeug: * Restarting with stat
INFO:logger:
---------------------------------------------------------------
API v1.0 online: http://localhost:8080/cloud-query/


WARNING:werkzeug: * Debugger is active!
INFO:werkzeug: * Debugger PIN: 105-872-535
INFO:werkzeug: * Detected change in '/Users/francisca_mateus/Desktop/Universidade/2º Ano/1º Semestre/SGD/Projeto/Cloud-Query/cloud_query/lib/python3.11/site-packages/jwt/utils.py', reloading
INFO:werkzeug: * Restarting with stat
INFO:logger:
---------------------------------------------------------------
API v1.0 online: http://localhost:8080/cloud-query/


WARNING:werkzeug: * Debugger is active!
INFO:werkzeug: * Debugger PIN: 105-872-535
INFO:logger:###              DEMO: PUT /users              ###
INFO:werkzeug:127.0.0.1 - - [25/Nov/2024 12:51:57] "[35m[1mPUT /cloud-query/user HTTP/1.1[0m" 500 -
INFO:logger:###              DEMO: PUT /users              ###
INFO:werkzeug:127.0.0.1 - - [25/Nov/2024 12:54:34] "[35m[1mPUT /cloud-query/user HTTP/1.1[0m" 500 -
INFO:logger:###              DEMO: PUT /users              ###
INFO:werkzeug: * Detected change in '/Users/francisca_mateus/Desktop/Universidade/2º Ano/1º Semestre/SGD/Projeto/Cloud-Query/python/app/cloud_query.py', reloading
INFO:werkzeug: * Restarting with stat
INFO:logger:
---------------------------------------------------------------
API v1.0 online: http://localhost:8080/cloud-query/


WARNING:werkzeug: * Debugger is active!
INFO:werkzeug: * Debugger PIN: 105-872-535
INFO:logger:###              DEMO: PUT /users              ###
INFO:werkzeug:127.0.0.1 - - [25/Nov/2024 12:55:50] "PUT /cloud-query/user HTTP/1.1" 200 -
INFO:logger:
---------------------------------------------------------------
API v1.0 online: http://localhost:8080/cloud-query/


INFO:werkzeug:[31m[1mWARNING: This is a development server. Do not use it in a production deployment. Use a production WSGI server instead.[0m
 * Running on all addresses (0.0.0.0)
 * Running on http://127.0.0.1:8080
 * Running on http://192.168.1.137:8080
INFO:werkzeug:[33mPress CTRL+C to quit[0m
INFO:werkzeug: * Restarting with stat
INFO:logger:
---------------------------------------------------------------
API v1.0 online: http://localhost:8080/cloud-query/


WARNING:werkzeug: * Debugger is active!
INFO:werkzeug: * Debugger PIN: 105-872-535
INFO:logger:###              DEMO: POST /users              ###
INFO:logger:---- new user  ----
DEBUG:logger:payload: {'username': 'ramyad_123', 'email': 'ramyad_123@test.pt', 'password': 'test#123!'}
INFO:werkzeug:127.0.0.1 - - [25/Nov/2024 14:55:01] "POST /cloud-query/user HTTP/1.1" 200 -
INFO:logger:###              DEMO: PUT /users              ###
INFO:werkzeug:127.0.0.1 - - [25/Nov/2024 14:56:08] "PUT /cloud-query/user HTTP/1.1" 200 -
INFO:logger:###              DEMO: PUT /users              ###
INFO:werkzeug:127.0.0.1 - - [25/Nov/2024 14:56:31] "[31m[1mPUT /cloud-query/user HTTP/1.1[0m" 401 -
INFO:werkzeug:127.0.0.1 - - [25/Nov/2024 14:58:37] "[33mPUT /cloud-query/user/ HTTP/1.1[0m" 404 -
INFO:logger:###              DEMO: PUT /users              ###
INFO:werkzeug:127.0.0.1 - - [25/Nov/2024 14:58:48] "PUT /cloud-query/user HTTP/1.1" 200 -
INFO:logger:###              DEMO: PUT /users              ###
INFO:werkzeug:127.0.0.1 - - [25/Nov/2024 14:59:04] "PUT /cloud-query/user HTTP/1.1" 200 -
INFO:werkzeug:127.0.0.1 - - [25/Nov/2024 15:01:12] "[33mGET /favicon.ico HTTP/1.1[0m" 404 -
INFO:werkzeug: * Detected change in '/Users/francisca_mateus/Desktop/Universidade/2º Ano/1º Semestre/SGD/Projeto/Cloud-Query/python/app/cloud_query.py', reloading
INFO:werkzeug: * Restarting with stat
INFO:logger:
---------------------------------------------------------------
API v1.0 online: http://localhost:8080/cloud-query/


WARNING:werkzeug: * Debugger is active!
INFO:werkzeug: * Debugger PIN: 105-872-535
INFO:werkzeug: * Detected change in '/Users/francisca_mateus/Desktop/Universidade/2º Ano/1º Semestre/SGD/Projeto/Cloud-Query/python/app/cloud_query.py', reloading
INFO:werkzeug: * Restarting with stat
INFO:logger:
---------------------------------------------------------------
API v1.0 online: http://localhost:8080/cloud-query/


WARNING:werkzeug: * Debugger is active!
INFO:werkzeug: * Debugger PIN: 105-872-535
INFO:werkzeug: * Detected change in '/Users/francisca_mateus/Desktop/Universidade/2º Ano/1º Semestre/SGD/Projeto/Cloud-Query/python/app/cloud_query.py', reloading
INFO:werkzeug: * Restarting with stat
INFO:logger:
---------------------------------------------------------------
API v1.0 online: http://localhost:8080/cloud-query/


WARNING:werkzeug: * Debugger is active!
INFO:werkzeug: * Debugger PIN: 105-872-535
INFO:werkzeug: * Detected change in '/Users/francisca_mateus/Desktop/Universidade/2º Ano/1º Semestre/SGD/Projeto/Cloud-Query/python/app/cloud_query.py', reloading
INFO:werkzeug: * Restarting with stat
INFO:logger:
---------------------------------------------------------------
API v1.0 online: http://localhost:8080/cloud-query/


INFO:werkzeug:[31m[1mWARNING: This is a development server. Do not use it in a production deployment. Use a production WSGI server instead.[0m
 * Running on all addresses (0.0.0.0)
 * Running on http://127.0.0.1:8080
 * Running on http://192.168.1.137:8080
INFO:werkzeug:[33mPress CTRL+C to quit[0m
INFO:werkzeug: * Restarting with stat
INFO:logger:
---------------------------------------------------------------
API v1.0 online: http://localhost:8080/cloud-query/


WARNING:werkzeug: * Debugger is active!
INFO:werkzeug: * Debugger PIN: 105-872-535
INFO:werkzeug:127.0.0.1 - - [25/Nov/2024 15:27:17] "GET /cloud-query/ HTTP/1.1" 200 -
INFO:werkzeug:127.0.0.1 - - [25/Nov/2024 15:27:23] "[31m[1mGET /cloud-query/admin HTTP/1.1[0m" 401 -
INFO:werkzeug:127.0.0.1 - - [25/Nov/2024 15:27:46] "[31m[1mPATCH /cloud-query/admin HTTP/1.1[0m" 405 -
INFO:werkzeug:127.0.0.1 - - [25/Nov/2024 15:27:52] "[31m[1mGET /cloud-query/admin HTTP/1.1[0m" 401 -
INFO:werkzeug:127.0.0.1 - - [25/Nov/2024 15:28:00] "[35m[1mGET /cloud-query/admin HTTP/1.1[0m" 500 -
INFO:logger:
---------------------------------------------------------------
API v1.0 online: http://localhost:8080/cloud-query/


INFO:werkzeug:[31m[1mWARNING: This is a development server. Do not use it in a production deployment. Use a production WSGI server instead.[0m
 * Running on all addresses (0.0.0.0)
 * Running on http://127.0.0.1:8080
 * Running on http://192.168.1.137:8080
INFO:werkzeug:[33mPress CTRL+C to quit[0m
INFO:werkzeug: * Restarting with stat
INFO:logger:
---------------------------------------------------------------
API v1.0 online: http://localhost:8080/cloud-query/


WARNING:werkzeug: * Debugger is active!
INFO:werkzeug: * Debugger PIN: 105-872-535
INFO:werkzeug:127.0.0.1 - - [25/Nov/2024 15:29:23] "GET /cloud-query/ HTTP/1.1" 200 -
INFO:werkzeug:127.0.0.1 - - [25/Nov/2024 15:29:29] "[31m[1mGET /cloud-query/admin HTTP/1.1[0m" 401 -
INFO:werkzeug:127.0.0.1 - - [25/Nov/2024 15:29:34] "[35m[1mGET /cloud-query/admin HTTP/1.1[0m" 500 -
INFO:werkzeug: * Detected change in '/Users/francisca_mateus/Desktop/Universidade/2º Ano/1º Semestre/SGD/Projeto/Cloud-Query/python/app/cloud_query.py', reloading
INFO:werkzeug: * Restarting with stat
INFO:logger:
---------------------------------------------------------------
API v1.0 online: http://localhost:8080/cloud-query/


WARNING:werkzeug: * Debugger is active!
INFO:werkzeug: * Debugger PIN: 105-872-535
INFO:werkzeug: * Detected change in '/Users/francisca_mateus/Desktop/Universidade/2º Ano/1º Semestre/SGD/Projeto/Cloud-Query/python/app/cloud_query.py', reloading
INFO:werkzeug: * Restarting with stat
INFO:logger:
---------------------------------------------------------------
API v1.0 online: http://localhost:8080/cloud-query/


WARNING:werkzeug: * Debugger is active!
INFO:werkzeug: * Debugger PIN: 105-872-535
INFO:werkzeug:127.0.0.1 - - [25/Nov/2024 15:30:48] "[31m[1mGET /cloud-query/admin HTTP/1.1[0m" 403 -
INFO:werkzeug: * Detected change in '/Users/francisca_mateus/Desktop/Universidade/2º Ano/1º Semestre/SGD/Projeto/Cloud-Query/python/app/cloud_query.py', reloading
INFO:werkzeug: * Restarting with stat
INFO:logger:
---------------------------------------------------------------
API v1.0 online: http://localhost:8080/cloud-query/


WARNING:werkzeug: * Debugger is active!
INFO:werkzeug: * Debugger PIN: 105-872-535
INFO:logger:###              DEMO: POST /users              ###
INFO:logger:---- new user  ----
DEBUG:logger:payload: {'id': 1, 'exp': 1732550328.543494}
ERROR:logger:'int' object does not support indexing
INFO:werkzeug:127.0.0.1 - - [25/Nov/2024 15:34:41] "POST /cloud-query/admin HTTP/1.1" 200 -
INFO:logger:
---------------------------------------------------------------
API v1.0 online: http://localhost:8080/cloud-query/


INFO:werkzeug:[31m[1mWARNING: This is a development server. Do not use it in a production deployment. Use a production WSGI server instead.[0m
 * Running on all addresses (0.0.0.0)
 * Running on http://127.0.0.1:8080
 * Running on http://192.168.1.137:8080
INFO:werkzeug:[33mPress CTRL+C to quit[0m
INFO:werkzeug: * Restarting with stat
INFO:logger:
---------------------------------------------------------------
API v1.0 online: http://localhost:8080/cloud-query/


WARNING:werkzeug: * Debugger is active!
INFO:werkzeug: * Debugger PIN: 105-872-535
INFO:werkzeug:127.0.0.1 - - [25/Nov/2024 15:35:19] "GET /cloud-query/ HTTP/1.1" 200 -
INFO:logger:###              DEMO: POST /users              ###
INFO:logger:---- new user  ----
DEBUG:logger:payload: {'id': 1, 'exp': 1732550328.543494}
ERROR:logger:'int' object does not support indexing
INFO:werkzeug:127.0.0.1 - - [25/Nov/2024 15:35:35] "POST /cloud-query/admin HTTP/1.1" 200 -
INFO:logger:###              DEMO: POST /users              ###
INFO:logger:---- new user  ----
DEBUG:logger:payload: {'id': 1, 'exp': 1732550328.543494}
ERROR:logger:'int' object does not support indexing
INFO:werkzeug:127.0.0.1 - - [25/Nov/2024 15:35:36] "POST /cloud-query/admin HTTP/1.1" 200 -
INFO:logger:
---------------------------------------------------------------
API v1.0 online: http://localhost:8080/cloud-query/


INFO:werkzeug:[31m[1mWARNING: This is a development server. Do not use it in a production deployment. Use a production WSGI server instead.[0m
 * Running on all addresses (0.0.0.0)
 * Running on http://127.0.0.1:8080
 * Running on http://192.168.1.137:8080
INFO:werkzeug:[33mPress CTRL+C to quit[0m
INFO:werkzeug: * Restarting with stat
INFO:logger:
---------------------------------------------------------------
API v1.0 online: http://localhost:8080/cloud-query/


WARNING:werkzeug: * Debugger is active!
INFO:werkzeug: * Debugger PIN: 105-872-535
INFO:logger:###              DEMO: POST /users              ###
INFO:logger:---- new user  ----
DEBUG:logger:payload: {'id': 1, 'exp': 1732550328.543494}
ERROR:logger:syntax error at or near ")"
LINE 3:                           VALUES ( 1,)
                                             ^

INFO:werkzeug:127.0.0.1 - - [25/Nov/2024 15:38:01] "POST /cloud-query/admin HTTP/1.1" 200 -
INFO:logger:###              DEMO: POST /users              ###
INFO:logger:---- new user  ----
DEBUG:logger:payload: {'id': 1, 'exp': 1732550328.543494}
ERROR:logger:syntax error at or near ")"
LINE 3:                           VALUES ( 1,)
                                             ^

INFO:werkzeug:127.0.0.1 - - [25/Nov/2024 15:38:02] "POST /cloud-query/admin HTTP/1.1" 200 -
INFO:logger:
---------------------------------------------------------------
API v1.0 online: http://localhost:8080/cloud-query/


INFO:werkzeug:[31m[1mWARNING: This is a development server. Do not use it in a production deployment. Use a production WSGI server instead.[0m
 * Running on all addresses (0.0.0.0)
 * Running on http://127.0.0.1:8080
 * Running on http://192.168.1.137:8080
INFO:werkzeug:[33mPress CTRL+C to quit[0m
INFO:werkzeug: * Restarting with stat
INFO:logger:
---------------------------------------------------------------
API v1.0 online: http://localhost:8080/cloud-query/


WARNING:werkzeug: * Debugger is active!
INFO:werkzeug: * Debugger PIN: 105-872-535
INFO:logger:###              DEMO: POST /users              ###
INFO:logger:---- new user  ----
DEBUG:logger:payload: {'id': 1, 'exp': 1732550328.543494}
ERROR:logger:'int' object does not support indexing
INFO:werkzeug:127.0.0.1 - - [25/Nov/2024 15:38:52] "POST /cloud-query/admin HTTP/1.1" 200 -
INFO:werkzeug: * Detected change in '/Users/francisca_mateus/Desktop/Universidade/2º Ano/1º Semestre/SGD/Projeto/Cloud-Query/python/app/cloud_query.py', reloading
INFO:werkzeug: * Restarting with stat
INFO:logger:
---------------------------------------------------------------
API v1.0 online: http://localhost:8080/cloud-query/


WARNING:werkzeug: * Debugger is active!
INFO:werkzeug: * Debugger PIN: 105-872-535
INFO:logger:###              DEMO: POST /users              ###
INFO:logger:---- new user  ----
DEBUG:logger:payload: {'id': 1, 'exp': 1732550328.543494}
ERROR:logger:'int' object does not support indexing
INFO:werkzeug:127.0.0.1 - - [25/Nov/2024 15:40:19] "POST /cloud-query/admin HTTP/1.1" 200 -
INFO:werkzeug: * Detected change in '/Users/francisca_mateus/Desktop/Universidade/2º Ano/1º Semestre/SGD/Projeto/Cloud-Query/python/app/cloud_query.py', reloading
INFO:werkzeug: * Restarting with stat
INFO:logger:
---------------------------------------------------------------
API v1.0 online: http://localhost:8080/cloud-query/


WARNING:werkzeug: * Debugger is active!
INFO:werkzeug: * Debugger PIN: 105-872-535
INFO:logger:###              DEMO: POST /users              ###
INFO:logger:---- new user  ----
DEBUG:logger:payload: {'id': 1, 'exp': 1732550328.543494}
ERROR:logger:'int' object does not support indexing
INFO:werkzeug:127.0.0.1 - - [25/Nov/2024 15:43:51] "POST /cloud-query/admin HTTP/1.1" 200 -
INFO:werkzeug: * Detected change in '/Users/francisca_mateus/Desktop/Universidade/2º Ano/1º Semestre/SGD/Projeto/Cloud-Query/python/app/cloud_query.py', reloading
INFO:werkzeug: * Restarting with stat
INFO:logger:
---------------------------------------------------------------
API v1.0 online: http://localhost:8080/cloud-query/


WARNING:werkzeug: * Debugger is active!
INFO:werkzeug: * Debugger PIN: 105-872-535
INFO:logger:###              DEMO: POST /users              ###
INFO:logger:---- new user  ----
DEBUG:logger:payload: {'id': 1, 'exp': 1732550328.543494}
ERROR:logger:'int' object does not support indexing
INFO:werkzeug:127.0.0.1 - - [25/Nov/2024 15:46:24] "POST /cloud-query/admin HTTP/1.1" 200 -
INFO:logger:
---------------------------------------------------------------
API v1.0 online: http://localhost:8080/cloud-query/


INFO:werkzeug:[31m[1mWARNING: This is a development server. Do not use it in a production deployment. Use a production WSGI server instead.[0m
 * Running on all addresses (0.0.0.0)
 * Running on http://127.0.0.1:8080
 * Running on http://192.168.1.137:8080
INFO:werkzeug:[33mPress CTRL+C to quit[0m
INFO:werkzeug: * Restarting with stat
INFO:logger:
---------------------------------------------------------------
API v1.0 online: http://localhost:8080/cloud-query/


WARNING:werkzeug: * Debugger is active!
INFO:werkzeug: * Debugger PIN: 105-872-535
INFO:logger:###              DEMO: POST /users              ###
INFO:logger:---- new user  ----
DEBUG:logger:payload: {'id': 1, 'exp': 1732550328.543494}
INFO:werkzeug:127.0.0.1 - - [25/Nov/2024 15:47:47] "POST /cloud-query/admin HTTP/1.1" 200 -
INFO:werkzeug: * Detected change in '/Users/francisca_mateus/Desktop/Universidade/2º Ano/1º Semestre/SGD/Projeto/Cloud-Query/python/app/cloud_query.py', reloading
INFO:werkzeug: * Restarting with stat
INFO:logger:
---------------------------------------------------------------
API v1.0 online: http://localhost:8080/cloud-query/


WARNING:werkzeug: * Debugger is active!
INFO:werkzeug: * Debugger PIN: 105-872-535
INFO:werkzeug: * Detected change in '/Users/francisca_mateus/Desktop/Universidade/2º Ano/1º Semestre/SGD/Projeto/Cloud-Query/python/app/cloud_query.py', reloading
INFO:werkzeug: * Restarting with stat
INFO:logger:
---------------------------------------------------------------
API v1.0 online: http://localhost:8080/cloud-query/


WARNING:werkzeug: * Debugger is active!
INFO:werkzeug: * Debugger PIN: 105-872-535
INFO:werkzeug: * Detected change in '/Users/francisca_mateus/Desktop/Universidade/2º Ano/1º Semestre/SGD/Projeto/Cloud-Query/python/app/cloud_query.py', reloading
INFO:werkzeug: * Restarting with stat
INFO:logger:
---------------------------------------------------------------
API v1.0 online: http://localhost:8080/cloud-query/


WARNING:werkzeug: * Debugger is active!
INFO:werkzeug: * Debugger PIN: 105-872-535
INFO:logger:###              DEMO: POST /users              ###
INFO:werkzeug:127.0.0.1 - - [25/Nov/2024 18:21:55] "[31m[1mPOST /cloud-query/admin HTTP/1.1[0m" 401 -
INFO:logger:
---------------------------------------------------------------
API v1.0 online: http://localhost:8080/cloud-query/


INFO:werkzeug:[31m[1mWARNING: This is a development server. Do not use it in a production deployment. Use a production WSGI server instead.[0m
 * Running on all addresses (0.0.0.0)
 * Running on http://127.0.0.1:8080
 * Running on http://172.31.29.95:8080
INFO:werkzeug:[33mPress CTRL+C to quit[0m
INFO:werkzeug: * Restarting with stat
INFO:logger:
---------------------------------------------------------------
API v1.0 online: http://localhost:8080/cloud-query/


WARNING:werkzeug: * Debugger is active!
INFO:werkzeug: * Debugger PIN: 105-872-535
INFO:werkzeug:127.0.0.1 - - [25/Nov/2024 18:23:46] "GET /cloud-query/ HTTP/1.1" 200 -
INFO:werkzeug:127.0.0.1 - - [25/Nov/2024 18:23:46] "GET /cloud-query/ HTTP/1.1" 200 -
INFO:logger:###              DEMO: POST /users              ###
INFO:logger:---- new user  ----
DEBUG:logger:payload: {'username': 'francisca.mateus', 'email': 'francisca.mateus@test.pt', 'password': '123franciscatest'}
INFO:werkzeug:127.0.0.1 - - [25/Nov/2024 18:27:31] "POST /cloud-query/user HTTP/1.1" 200 -
INFO:werkzeug:127.0.0.1 - - [25/Nov/2024 18:27:40] "[31m[1mGET /cloud-query/user HTTP/1.1[0m" 405 -
INFO:logger:###              DEMO: PUT /users              ###
INFO:werkzeug:127.0.0.1 - - [25/Nov/2024 18:28:18] "PUT /cloud-query/user HTTP/1.1" 200 -
INFO:werkzeug:127.0.0.1 - - [25/Nov/2024 18:29:41] "[31m[1mPUT /cloud-query/admin HTTP/1.1[0m" 405 -
INFO:logger:###              DEMO: POST /users              ###
INFO:logger:---- new user  ----
DEBUG:logger:payload: {'id': 2, 'exp': 1732562898.908278}
INFO:werkzeug:127.0.0.1 - - [25/Nov/2024 18:33:09] "POST /cloud-query/admin HTTP/1.1" 200 -
INFO:logger:
---------------------------------------------------------------
API v1.0 online: http://localhost:8080/cloud-query/


INFO:werkzeug:[31m[1mWARNING: This is a development server. Do not use it in a production deployment. Use a production WSGI server instead.[0m
 * Running on all addresses (0.0.0.0)
 * Running on http://127.0.0.1:8080
 * Running on http://172.31.29.95:8080
INFO:werkzeug:[33mPress CTRL+C to quit[0m
INFO:werkzeug: * Restarting with stat
INFO:logger:
---------------------------------------------------------------
API v1.0 online: http://localhost:8080/cloud-query/


WARNING:werkzeug: * Debugger is active!
INFO:werkzeug: * Debugger PIN: 105-872-535
INFO:logger:###              DEMO: POST /users              ###
INFO:logger:---- new user  ----
DEBUG:logger:payload: {'username': 'francisca.mateus', 'email': 'francisca.mateus@test.pt', 'password': '123franciscatest'}
INFO:werkzeug:127.0.0.1 - - [25/Nov/2024 18:43:47] "POST /cloud-query/user HTTP/1.1" 200 -
INFO:logger:###              DEMO: POST /users              ###
INFO:logger:---- new user  ----
DEBUG:logger:payload: {'username': 'pedro.silva', 'email': 'pedro.silva@test.pt', 'password': '123pedrotest'}
INFO:werkzeug:127.0.0.1 - - [25/Nov/2024 18:44:38] "POST /cloud-query/user HTTP/1.1" 200 -
INFO:logger:###              DEMO: POST /users              ###
INFO:logger:---- new user  ----
DEBUG:logger:payload: {'username': 'ramyad.ra', 'email': 'ramyad.ra@test.pt', 'password': '123ramyadtest'}
INFO:werkzeug:127.0.0.1 - - [25/Nov/2024 18:45:13] "POST /cloud-query/user HTTP/1.1" 200 -
INFO:logger:###              DEMO: PUT /users              ###
INFO:werkzeug:127.0.0.1 - - [25/Nov/2024 18:47:24] "PUT /cloud-query/user HTTP/1.1" 200 -
INFO:logger:###              DEMO: POST /users              ###
INFO:logger:---- new user  ----
DEBUG:logger:payload: {'id': 3, 'exp': 1732564044.265053}
INFO:werkzeug:127.0.0.1 - - [25/Nov/2024 18:48:40] "POST /cloud-query/admin HTTP/1.1" 200 -
INFO:werkzeug: * Detected change in '/Users/francisca_mateus/Desktop/Universidade/2º Ano/1º Semestre/SGD/Projeto/Cloud-Query/python/app/cloud_query.py', reloading
INFO:werkzeug: * Restarting with stat
INFO:logger:
---------------------------------------------------------------
API v1.0 online: http://localhost:8080/cloud-query/


WARNING:werkzeug: * Debugger is active!
INFO:werkzeug: * Debugger PIN: 105-872-535
INFO:werkzeug: * Detected change in '/Users/francisca_mateus/Desktop/Universidade/2º Ano/1º Semestre/SGD/Projeto/Cloud-Query/python/app/cloud_query.py', reloading
INFO:werkzeug: * Restarting with stat
INFO:logger:
---------------------------------------------------------------
API v1.0 online: http://localhost:8080/cloud-query/


INFO:werkzeug:[31m[1mWARNING: This is a development server. Do not use it in a production deployment. Use a production WSGI server instead.[0m
 * Running on all addresses (0.0.0.0)
 * Running on http://127.0.0.1:8080
 * Running on http://192.168.1.103:8080
INFO:werkzeug:[33mPress CTRL+C to quit[0m
INFO:werkzeug: * Restarting with stat
INFO:logger:
---------------------------------------------------------------
API v1.0 online: http://localhost:8080/cloud-query/


WARNING:werkzeug: * Debugger is active!
INFO:werkzeug: * Debugger PIN: 105-872-535
INFO:logger:###              DEMO: POST /users              ###
INFO:logger:###              DEMO: POST /users              ###
INFO:logger:---- new user  ----
DEBUG:logger:payload: {'username': 'maria.geraldes', 'email': 'maria.geraldes@admin.pt', 'password': '123adminmaria'}
INFO:logger:---- new user  ----
DEBUG:logger:payload: {'username': 'maria.geraldes', 'email': 'maria.geraldes@admin.pt', 'password': '123adminmaria'}
INFO:werkzeug:127.0.0.1 - - [25/Nov/2024 19:11:18] "POST /cloud-query/admin HTTP/1.1" 200 -
INFO:logger:###              DEMO: POST /users              ###
INFO:logger:###              DEMO: POST /users              ###
INFO:logger:---- new user  ----
DEBUG:logger:payload: {'username': 'maria.geraldes', 'email': 'maria.geraldes@admin.pt', 'password': '123adminmaria'}
ERROR:logger:duplicate key value violates unique constraint "user__username_email_key"
DETAIL:  Key (username, email)=(maria.geraldes, maria.geraldes@admin.pt) already exists.

INFO:logger:---- new user  ----
DEBUG:logger:payload: {'username': 'maria.geraldes', 'email': 'maria.geraldes@admin.pt', 'password': '123adminmaria'}
ERROR:logger:duplicate key value violates unique constraint "admin__pkey"
DETAIL:  Key (user__id_user)=(4) already exists.

INFO:werkzeug:127.0.0.1 - - [25/Nov/2024 19:12:05] "POST /cloud-query/admin HTTP/1.1" 200 -
INFO:logger:###              DEMO: POST /users              ###
INFO:logger:###              DEMO: POST /users              ###
INFO:logger:---- new user  ----
DEBUG:logger:payload: {'username': 'maria.geraldes', 'email': 'maria.geraldes@admin.pt', 'password': '123adminmaria'}
ERROR:logger:duplicate key value violates unique constraint "user__username_email_key"
DETAIL:  Key (username, email)=(maria.geraldes, maria.geraldes@admin.pt) already exists.

INFO:logger:---- new user  ----
DEBUG:logger:payload: {'username': 'maria.geraldes', 'email': 'maria.geraldes@admin.pt', 'password': '123adminmaria'}
ERROR:logger:duplicate key value violates unique constraint "admin__pkey"
DETAIL:  Key (user__id_user)=(4) already exists.

INFO:werkzeug:127.0.0.1 - - [25/Nov/2024 19:12:49] "POST /cloud-query/admin HTTP/1.1" 200 -
INFO:werkzeug: * Detected change in '/Users/francisca_mateus/Desktop/Universidade/2º Ano/1º Semestre/SGD/Projeto/Cloud-Query/python/app/cloud_query.py', reloading
INFO:werkzeug: * Restarting with stat
INFO:logger:
---------------------------------------------------------------
API v1.0 online: http://localhost:8080/cloud-query/


WARNING:werkzeug: * Debugger is active!
INFO:werkzeug: * Debugger PIN: 105-872-535
INFO:logger:
---------------------------------------------------------------
API v1.0 online: http://localhost:8080/cloud-query/


INFO:werkzeug:[31m[1mWARNING: This is a development server. Do not use it in a production deployment. Use a production WSGI server instead.[0m
 * Running on all addresses (0.0.0.0)
 * Running on http://127.0.0.1:8080
 * Running on http://192.168.1.103:8080
INFO:werkzeug:[33mPress CTRL+C to quit[0m
INFO:werkzeug: * Restarting with stat
INFO:logger:
---------------------------------------------------------------
API v1.0 online: http://localhost:8080/cloud-query/


WARNING:werkzeug: * Debugger is active!
INFO:werkzeug: * Debugger PIN: 105-872-535
INFO:logger:###              DEMO: POST /users              ###
INFO:werkzeug:127.0.0.1 - - [25/Nov/2024 19:16:44] "[31m[1mPOST /cloud-query/admin HTTP/1.1[0m" 401 -
INFO:logger:###              DEMO: POST /users              ###
INFO:logger:---- new user  ----
DEBUG:logger:payload: {'username': 'mario.geraldes', 'email': 'mario.geraldes@test.pt', 'password': '123adminmario'}
INFO:werkzeug:127.0.0.1 - - [25/Nov/2024 19:17:36] "POST /cloud-query/user HTTP/1.1" 200 -
INFO:logger:###              DEMO: PUT /users              ###
INFO:werkzeug:127.0.0.1 - - [25/Nov/2024 19:17:55] "PUT /cloud-query/user HTTP/1.1" 200 -
INFO:logger:###              DEMO: POST /users              ###
INFO:werkzeug:127.0.0.1 - - [25/Nov/2024 19:19:23] "[31m[1mPOST /cloud-query/admin HTTP/1.1[0m" 403 -
INFO:logger:
---------------------------------------------------------------
API v1.0 online: http://localhost:8080/cloud-query/


INFO:werkzeug:[31m[1mWARNING: This is a development server. Do not use it in a production deployment. Use a production WSGI server instead.[0m
 * Running on all addresses (0.0.0.0)
 * Running on http://127.0.0.1:8080
 * Running on http://10.16.0.201:8080
INFO:werkzeug:[33mPress CTRL+C to quit[0m
INFO:werkzeug: * Restarting with stat
INFO:logger:
---------------------------------------------------------------
API v1.0 online: http://localhost:8080/cloud-query/


WARNING:werkzeug: * Debugger is active!
INFO:werkzeug: * Debugger PIN: 105-872-535
INFO:logger:
---------------------------------------------------------------
API v1.0 online: http://localhost:8080/cloud-query/


INFO:werkzeug:[31m[1mWARNING: This is a development server. Do not use it in a production deployment. Use a production WSGI server instead.[0m
 * Running on all addresses (0.0.0.0)
 * Running on http://127.0.0.1:8080
 * Running on http://10.16.0.201:8080
INFO:werkzeug:[33mPress CTRL+C to quit[0m
INFO:werkzeug: * Restarting with stat
INFO:logger:
---------------------------------------------------------------
API v1.0 online: http://localhost:8080/cloud-query/


WARNING:werkzeug: * Debugger is active!
INFO:werkzeug: * Debugger PIN: 105-872-535
INFO:werkzeug:127.0.0.1 - - [26/Nov/2024 14:52:37] "GET /cloud-query/ HTTP/1.1" 200 -
INFO:werkzeug:127.0.0.1 - - [26/Nov/2024 14:52:37] "[33mGET /favicon.ico HTTP/1.1[0m" 404 -
INFO:werkzeug:127.0.0.1 - - [26/Nov/2024 14:53:07] "[31m[1mGET /cloud-query/user HTTP/1.1[0m" 405 -
INFO:werkzeug: * Detected change in '/Users/francisca_mateus/Desktop/Universidade/2º Ano/1º Semestre/SGD/Projeto/Cloud-Query/python/app/cloud_query.py', reloading
INFO:werkzeug: * Restarting with stat
INFO:logger:
---------------------------------------------------------------
API v1.0 online: http://localhost:8080/cloud-query/


INFO:werkzeug:[31m[1mWARNING: This is a development server. Do not use it in a production deployment. Use a production WSGI server instead.[0m
 * Running on all addresses (0.0.0.0)
 * Running on http://127.0.0.1:8080
 * Running on http://10.16.0.201:8080
INFO:werkzeug:[33mPress CTRL+C to quit[0m
INFO:werkzeug: * Restarting with stat
INFO:logger:
---------------------------------------------------------------
API v1.0 online: http://localhost:8080/cloud-query/


WARNING:werkzeug: * Debugger is active!
INFO:werkzeug: * Debugger PIN: 105-872-535
INFO:logger:
---------------------------------------------------------------
API v1.0 online: http://localhost:8080/cloud-query/


INFO:werkzeug:[31m[1mWARNING: This is a development server. Do not use it in a production deployment. Use a production WSGI server instead.[0m
 * Running on all addresses (0.0.0.0)
 * Running on http://127.0.0.1:8080
 * Running on http://10.16.0.201:8080
INFO:werkzeug:[33mPress CTRL+C to quit[0m
INFO:werkzeug: * Restarting with stat
INFO:logger:
---------------------------------------------------------------
API v1.0 online: http://localhost:8080/cloud-query/


WARNING:werkzeug: * Debugger is active!
INFO:werkzeug: * Debugger PIN: 105-872-535
INFO:werkzeug:127.0.0.1 - - [26/Nov/2024 15:40:00] "GET /cloud-query/ HTTP/1.1" 200 -
INFO:werkzeug: * Detected change in '/Users/francisca_mateus/Desktop/Universidade/2º Ano/1º Semestre/SGD/Projeto/Cloud-Query/python/app/cloud_query.py', reloading
INFO:werkzeug: * Restarting with stat
INFO:logger:
---------------------------------------------------------------
API v1.0 online: http://localhost:8080/cloud-query/


WARNING:werkzeug: * Debugger is active!
INFO:werkzeug: * Debugger PIN: 105-872-535
INFO:logger:
---------------------------------------------------------------
API v1.0 online: http://localhost:8080/cloud-query/


INFO:werkzeug:[31m[1mWARNING: This is a development server. Do not use it in a production deployment. Use a production WSGI server instead.[0m
 * Running on all addresses (0.0.0.0)
 * Running on http://127.0.0.1:8080
 * Running on http://10.16.0.201:8080
INFO:werkzeug:[33mPress CTRL+C to quit[0m
INFO:werkzeug: * Restarting with stat
INFO:logger:
---------------------------------------------------------------
API v1.0 online: http://localhost:8080/cloud-query/


WARNING:werkzeug: * Debugger is active!
INFO:werkzeug: * Debugger PIN: 105-872-535
INFO:werkzeug:127.0.0.1 - - [29/Nov/2024 10:58:32] "GET /cloud-query/ HTTP/1.1" 200 -
INFO:werkzeug:127.0.0.1 - - [29/Nov/2024 10:58:32] "[33mGET /favicon.ico HTTP/1.1[0m" 404 -
INFO:logger:
---------------------------------------------------------------
API v1.0 online: http://localhost:8080/cloud-query/


INFO:werkzeug:[31m[1mWARNING: This is a development server. Do not use it in a production deployment. Use a production WSGI server instead.[0m
 * Running on all addresses (0.0.0.0)
 * Running on http://127.0.0.1:8080
 * Running on http://192.168.1.137:8080
INFO:werkzeug:[33mPress CTRL+C to quit[0m
INFO:werkzeug: * Restarting with stat
INFO:logger:
---------------------------------------------------------------
API v1.0 online: http://localhost:8080/cloud-query/


WARNING:werkzeug: * Debugger is active!
INFO:werkzeug: * Debugger PIN: 105-872-535
INFO:werkzeug:127.0.0.1 - - [29/Nov/2024 16:18:43] "GET /cloud-query/ HTTP/1.1" 200 -
INFO:werkzeug:127.0.0.1 - - [29/Nov/2024 16:18:43] "GET /cloud-query/ HTTP/1.1" 200 -
INFO:werkzeug:127.0.0.1 - - [29/Nov/2024 16:19:29] "GET /cloud-query/ HTTP/1.1" 200 -
INFO:werkzeug: * Detected change in '/Users/francisca_mateus/Desktop/Universidade/2º Ano/1º Semestre/SGD/Projeto/Cloud-Query/python/app/cloud_query.py', reloading
INFO:werkzeug: * Restarting with stat
INFO:logger:
---------------------------------------------------------------
API v1.0 online: http://localhost:8080/cloud-query/


WARNING:werkzeug: * Debugger is active!
INFO:werkzeug: * Debugger PIN: 105-872-535
INFO:werkzeug: * Detected change in '/Users/francisca_mateus/Desktop/Universidade/2º Ano/1º Semestre/SGD/Projeto/Cloud-Query/python/app/cloud_query.py', reloading
INFO:werkzeug: * Restarting with stat
INFO:logger:
---------------------------------------------------------------
API v1.0 online: http://localhost:8080/cloud-query/


INFO:werkzeug:[31m[1mWARNING: This is a development server. Do not use it in a production deployment. Use a production WSGI server instead.[0m
 * Running on all addresses (0.0.0.0)
 * Running on http://127.0.0.1:8080
 * Running on http://192.168.1.137:8080
INFO:werkzeug:[33mPress CTRL+C to quit[0m
INFO:werkzeug: * Restarting with stat
INFO:logger:
---------------------------------------------------------------
API v1.0 online: http://localhost:8080/cloud-query/


WARNING:werkzeug: * Debugger is active!
INFO:werkzeug: * Debugger PIN: 105-872-535
INFO:logger:###              DEMO: POST /admin              ###
INFO:logger:###              DEMO: POST /users              ###
INFO:logger:---- new user  ----
DEBUG:logger:payload: {'username': 'francisca.mateus', 'email': 'francisca.mateus@admin.pt', 'password': '123francisca'}
INFO:logger:---- new admin  ----
DEBUG:logger:payload: {'username': 'francisca.mateus', 'email': 'francisca.mateus@admin.pt', 'password': '123francisca'}
INFO:werkzeug:127.0.0.1 - - [29/Nov/2024 16:28:35] "POST /cloud-query/admin HTTP/1.1" 200 -
INFO:logger:###              DEMO: POST /admin              ###
INFO:logger:###              DEMO: POST /users              ###
INFO:logger:---- new user  ----
DEBUG:logger:payload: {'username': 'pedro.silva', 'email': 'pedro.silva@admin.pt', 'password': '123pedro'}
INFO:logger:---- new admin  ----
DEBUG:logger:payload: {'username': 'pedro.silva', 'email': 'pedro.silva@admin.pt', 'password': '123pedro'}
INFO:werkzeug:127.0.0.1 - - [29/Nov/2024 16:29:18] "POST /cloud-query/admin HTTP/1.1" 200 -
INFO:logger:###              DEMO: POST /admin              ###
INFO:logger:###              DEMO: POST /users              ###
INFO:logger:---- new user  ----
DEBUG:logger:payload: {'username': 'ramyad.ra', 'email': 'ramyad.ra@admin.pt', 'password': '123ramyad'}
INFO:logger:---- new admin  ----
DEBUG:logger:payload: {'username': 'ramyad.ra', 'email': 'ramyad.ra@admin.pt', 'password': '123ramyad'}
INFO:werkzeug:127.0.0.1 - - [29/Nov/2024 16:30:45] "POST /cloud-query/admin HTTP/1.1" 200 -
INFO:werkzeug: * Detected change in '/Users/francisca_mateus/Desktop/Universidade/2º Ano/1º Semestre/SGD/Projeto/Cloud-Query/python/app/cloud_query.py', reloading
INFO:werkzeug: * Restarting with stat
INFO:logger:
---------------------------------------------------------------
API v1.0 online: http://localhost:8080/cloud-query/


WARNING:werkzeug: * Debugger is active!
INFO:werkzeug: * Debugger PIN: 105-872-535
INFO:werkzeug: * Detected change in '/Users/francisca_mateus/Desktop/Universidade/2º Ano/1º Semestre/SGD/Projeto/Cloud-Query/python/app/cloud_query.py', reloading
INFO:werkzeug: * Restarting with stat
INFO:logger:
---------------------------------------------------------------
API v1.0 online: http://localhost:8080/cloud-query/


WARNING:werkzeug: * Debugger is active!
INFO:werkzeug: * Debugger PIN: 105-872-535
INFO:werkzeug: * Detected change in '/Users/francisca_mateus/Desktop/Universidade/2º Ano/1º Semestre/SGD/Projeto/Cloud-Query/python/app/cloud_query.py', reloading
INFO:werkzeug: * Restarting with stat
INFO:logger:
---------------------------------------------------------------
API v1.0 online: http://localhost:8080/cloud-query/


WARNING:werkzeug: * Debugger is active!
INFO:werkzeug: * Debugger PIN: 105-872-535
INFO:werkzeug:127.0.0.1 - - [29/Nov/2024 16:41:10] "[33mPOST /cloud-query/passenger HTTP/1.1[0m" 404 -
INFO:logger:
---------------------------------------------------------------
API v1.0 online: http://localhost:8080/cloud-query/


INFO:werkzeug:[31m[1mWARNING: This is a development server. Do not use it in a production deployment. Use a production WSGI server instead.[0m
 * Running on all addresses (0.0.0.0)
 * Running on http://127.0.0.1:8080
 * Running on http://192.168.1.137:8080
INFO:werkzeug:[33mPress CTRL+C to quit[0m
INFO:werkzeug: * Restarting with stat
INFO:logger:
---------------------------------------------------------------
API v1.0 online: http://localhost:8080/cloud-query/


WARNING:werkzeug: * Debugger is active!
INFO:werkzeug: * Debugger PIN: 105-872-535
INFO:werkzeug:127.0.0.1 - - [29/Nov/2024 16:41:21] "[33mPOST /cloud-query/passenger HTTP/1.1[0m" 404 -
INFO:werkzeug:127.0.0.1 - - [29/Nov/2024 16:41:32] "[33mPOST /cloud-query/passenger HTTP/1.1[0m" 404 -
INFO:werkzeug: * Detected change in '/Users/francisca_mateus/Desktop/Universidade/2º Ano/1º Semestre/SGD/Projeto/Cloud-Query/python/app/cloud_query.py', reloading
INFO:werkzeug: * Restarting with stat
INFO:logger:
---------------------------------------------------------------
API v1.0 online: http://localhost:8080/cloud-query/


WARNING:werkzeug: * Debugger is active!
INFO:werkzeug: * Debugger PIN: 105-872-535
INFO:logger:
---------------------------------------------------------------
API v1.0 online: http://localhost:8080/cloud-query/


INFO:werkzeug:[31m[1mWARNING: This is a development server. Do not use it in a production deployment. Use a production WSGI server instead.[0m
 * Running on all addresses (0.0.0.0)
 * Running on http://127.0.0.1:8080
 * Running on http://192.168.1.137:8080
INFO:werkzeug:[33mPress CTRL+C to quit[0m
INFO:werkzeug: * Restarting with stat
INFO:logger:
---------------------------------------------------------------
API v1.0 online: http://localhost:8080/cloud-query/


WARNING:werkzeug: * Debugger is active!
INFO:werkzeug: * Debugger PIN: 105-872-535
INFO:logger:###              DEMO: POST /passenger              ###
INFO:logger:###              DEMO: POST /users              ###
INFO:logger:---- new user  ----
DEBUG:logger:payload: {'username': 'maria.mendes', 'email': 'maria.mendes@passenger.pt', 'password': '123maria'}
INFO:logger:---- new passenger  ----
DEBUG:logger:payload: {'username': 'maria.mendes', 'email': 'maria.mendes@passenger.pt', 'password': '123maria'}
INFO:werkzeug:127.0.0.1 - - [29/Nov/2024 16:41:45] "POST /cloud-query/passenger HTTP/1.1" 200 -
INFO:logger:###              DEMO: POST /passenger              ###
INFO:logger:###              DEMO: POST /users              ###
INFO:logger:---- new user  ----
DEBUG:logger:payload: {'username': 'maria.mendes', 'email': 'maria.mendes@passenger.pt', 'password': '123maria'}
ERROR:logger:duplicate key value violates unique constraint "user__username_email_key"
DETAIL:  Key (username, email)=(maria.mendes, maria.mendes@passenger.pt) already exists.

INFO:logger:---- new passenger  ----
DEBUG:logger:payload: {'username': 'maria.mendes', 'email': 'maria.mendes@passenger.pt', 'password': '123maria'}
ERROR:logger:duplicate key value violates unique constraint "passenger_pkey"
DETAIL:  Key (user__id_user)=(4) already exists.

INFO:werkzeug:127.0.0.1 - - [29/Nov/2024 16:41:59] "POST /cloud-query/passenger HTTP/1.1" 200 -
INFO:logger:###              DEMO: POST /passenger              ###
INFO:logger:###              DEMO: POST /users              ###
INFO:logger:---- new user  ----
DEBUG:logger:payload: {'username': 'maria.mendes', 'email': 'maria.mendes@passenger.pt', 'password': '123maria'}
ERROR:logger:duplicate key value violates unique constraint "user__username_email_key"
DETAIL:  Key (username, email)=(maria.mendes, maria.mendes@passenger.pt) already exists.

INFO:logger:---- new passenger  ----
DEBUG:logger:payload: {'username': 'maria.mendes', 'email': 'maria.mendes@passenger.pt', 'password': '123maria'}
ERROR:logger:duplicate key value violates unique constraint "passenger_pkey"
DETAIL:  Key (user__id_user)=(4) already exists.

INFO:werkzeug:127.0.0.1 - - [29/Nov/2024 16:42:02] "POST /cloud-query/passenger HTTP/1.1" 200 -
INFO:werkzeug: * Detected change in '/Users/francisca_mateus/Desktop/Universidade/2º Ano/1º Semestre/SGD/Projeto/Cloud-Query/python/app/cloud_query.py', reloading
INFO:werkzeug: * Restarting with stat
INFO:logger:
---------------------------------------------------------------
API v1.0 online: http://localhost:8080/cloud-query/


WARNING:werkzeug: * Debugger is active!
INFO:werkzeug: * Debugger PIN: 105-872-535
INFO:werkzeug: * Detected change in '/Users/francisca_mateus/Desktop/Universidade/2º Ano/1º Semestre/SGD/Projeto/Cloud-Query/python/app/cloud_query.py', reloading
INFO:werkzeug: * Restarting with stat
INFO:logger:
---------------------------------------------------------------
API v1.0 online: http://localhost:8080/cloud-query/


WARNING:werkzeug: * Debugger is active!
INFO:werkzeug: * Debugger PIN: 105-872-535
INFO:werkzeug: * Detected change in '/Users/francisca_mateus/Desktop/Universidade/2º Ano/1º Semestre/SGD/Projeto/Cloud-Query/python/app/cloud_query.py', reloading
INFO:werkzeug: * Restarting with stat
INFO:logger:
---------------------------------------------------------------
API v1.0 online: http://localhost:8080/cloud-query/


WARNING:werkzeug: * Debugger is active!
INFO:werkzeug: * Debugger PIN: 105-872-535
INFO:werkzeug: * Detected change in '/Users/francisca_mateus/Desktop/Universidade/2º Ano/1º Semestre/SGD/Projeto/Cloud-Query/python/app/cloud_query.py', reloading
INFO:werkzeug: * Restarting with stat
INFO:logger:
---------------------------------------------------------------
API v1.0 online: http://localhost:8080/cloud-query/


WARNING:werkzeug: * Debugger is active!
INFO:werkzeug: * Debugger PIN: 105-872-535
INFO:logger:
---------------------------------------------------------------
API v1.0 online: http://localhost:8080/cloud-query/


INFO:werkzeug:[31m[1mWARNING: This is a development server. Do not use it in a production deployment. Use a production WSGI server instead.[0m
 * Running on all addresses (0.0.0.0)
 * Running on http://127.0.0.1:8080
 * Running on http://192.168.1.137:8080
INFO:werkzeug:[33mPress CTRL+C to quit[0m
INFO:werkzeug: * Restarting with stat
INFO:logger:
---------------------------------------------------------------
API v1.0 online: http://localhost:8080/cloud-query/


WARNING:werkzeug: * Debugger is active!
INFO:werkzeug: * Debugger PIN: 105-872-535
INFO:logger:###              DEMO: PUT /users              ###
INFO:werkzeug:127.0.0.1 - - [29/Nov/2024 20:02:14] "PUT /cloud-query/user HTTP/1.1" 200 -
INFO:logger:###              DEMO: POST /admin              ###
INFO:logger:###              DEMO: POST /users              ###
INFO:logger:---- new user  ----
DEBUG:logger:payload: {'username': 'sara.guedes', 'email': 'sara.guedes@admin.pt', 'password': '123sara'}
INFO:logger:---- new admin  ----
DEBUG:logger:payload: {'username': 'sara.guedes', 'email': 'sara.guedes@admin.pt', 'password': '123sara'}
INFO:werkzeug:127.0.0.1 - - [29/Nov/2024 20:03:21] "POST /cloud-query/admin HTTP/1.1" 200 -
INFO:werkzeug: * Detected change in '/Users/francisca_mateus/Desktop/Universidade/2º Ano/1º Semestre/SGD/Projeto/Cloud-Query/python/app/cloud_query.py', reloading
INFO:werkzeug: * Restarting with stat
INFO:logger:
---------------------------------------------------------------
API v1.0 online: http://localhost:8080/cloud-query/


WARNING:werkzeug: * Debugger is active!
INFO:werkzeug: * Debugger PIN: 105-872-535
INFO:logger:###              DEMO: POST /admin              ###
INFO:werkzeug:127.0.0.1 - - [29/Nov/2024 20:09:58] "[31m[1mPOST /cloud-query/admin HTTP/1.1[0m" 401 -
INFO:werkzeug: * Detected change in '/Users/francisca_mateus/Desktop/Universidade/2º Ano/1º Semestre/SGD/Projeto/Cloud-Query/python/app/cloud_query.py', reloading
INFO:werkzeug: * Restarting with stat
INFO:logger:
---------------------------------------------------------------
API v1.0 online: http://localhost:8080/cloud-query/


WARNING:werkzeug: * Debugger is active!
INFO:werkzeug: * Debugger PIN: 105-872-535
INFO:werkzeug: * Detected change in '/Users/francisca_mateus/Desktop/Universidade/2º Ano/1º Semestre/SGD/Projeto/Cloud-Query/python/app/cloud_query.py', reloading
INFO:werkzeug: * Restarting with stat
INFO:logger:
---------------------------------------------------------------
API v1.0 online: http://localhost:8080/cloud-query/


WARNING:werkzeug: * Debugger is active!
INFO:werkzeug: * Debugger PIN: 105-872-535
INFO:werkzeug: * Detected change in '/Users/francisca_mateus/Desktop/Universidade/2º Ano/1º Semestre/SGD/Projeto/Cloud-Query/python/app/cloud_query.py', reloading
INFO:werkzeug: * Restarting with stat
INFO:logger:
---------------------------------------------------------------
API v1.0 online: http://localhost:8080/cloud-query/


WARNING:werkzeug: * Debugger is active!
INFO:werkzeug: * Debugger PIN: 105-872-535
INFO:werkzeug: * Detected change in '/Users/francisca_mateus/Desktop/Universidade/2º Ano/1º Semestre/SGD/Projeto/Cloud-Query/python/app/cloud_query.py', reloading
INFO:werkzeug: * Restarting with stat
INFO:logger:
---------------------------------------------------------------
API v1.0 online: http://localhost:8080/cloud-query/


INFO:werkzeug:[31m[1mWARNING: This is a development server. Do not use it in a production deployment. Use a production WSGI server instead.[0m
 * Running on all addresses (0.0.0.0)
 * Running on http://127.0.0.1:8080
 * Running on http://192.168.1.137:8080
INFO:werkzeug:[33mPress CTRL+C to quit[0m
INFO:werkzeug: * Restarting with stat
INFO:logger:
---------------------------------------------------------------
API v1.0 online: http://localhost:8080/cloud-query/


WARNING:werkzeug: * Debugger is active!
INFO:werkzeug: * Debugger PIN: 105-872-535
INFO:logger:###              DEMO: PUT /users              ###
INFO:werkzeug:127.0.0.1 - - [29/Nov/2024 20:42:55] "PUT /cloud-query/user HTTP/1.1" 200 -
INFO:logger:###              DEMO: POST /crew              ###
INFO:werkzeug:127.0.0.1 - - [29/Nov/2024 20:50:17] "[31m[1mPOST /cloud-query/crew HTTP/1.1[0m" 401 -
INFO:werkzeug: * Detected change in '/Users/francisca_mateus/Desktop/Universidade/2º Ano/1º Semestre/SGD/Projeto/Cloud-Query/python/app/cloud_query.py', reloading
INFO:werkzeug: * Restarting with stat
INFO:logger:
---------------------------------------------------------------
API v1.0 online: http://localhost:8080/cloud-query/


WARNING:werkzeug: * Debugger is active!
INFO:werkzeug: * Debugger PIN: 105-872-535
INFO:werkzeug: * Detected change in '/Users/francisca_mateus/Desktop/Universidade/2º Ano/1º Semestre/SGD/Projeto/Cloud-Query/python/app/cloud_query.py', reloading
INFO:werkzeug: * Restarting with stat
INFO:logger:
---------------------------------------------------------------
API v1.0 online: http://localhost:8080/cloud-query/


WARNING:werkzeug: * Debugger is active!
INFO:werkzeug: * Debugger PIN: 105-872-535
INFO:logger:
---------------------------------------------------------------
API v1.0 online: http://localhost:8080/cloud-query/


INFO:werkzeug:[31m[1mWARNING: This is a development server. Do not use it in a production deployment. Use a production WSGI server instead.[0m
 * Running on all addresses (0.0.0.0)
 * Running on http://127.0.0.1:8080
 * Running on http://192.168.1.137:8080
INFO:werkzeug:[33mPress CTRL+C to quit[0m
INFO:werkzeug: * Restarting with stat
INFO:logger:
---------------------------------------------------------------
API v1.0 online: http://localhost:8080/cloud-query/


WARNING:werkzeug: * Debugger is active!
INFO:werkzeug: * Debugger PIN: 105-872-535
INFO:logger:###              DEMO: POST /admin              ###
INFO:logger:###              DEMO: POST /users              ###
INFO:logger:---- new user  ----
DEBUG:logger:payload: {'username': 'francisca.mateus', 'email': 'francisca.mateus@admin.pt', 'password': '123francisca'}
INFO:logger:---- new admin  ----
DEBUG:logger:payload: {'username': 'francisca.mateus', 'email': 'francisca.mateus@admin.pt', 'password': '123francisca'}
INFO:werkzeug:127.0.0.1 - - [30/Nov/2024 11:03:23] "POST /cloud-query/admin HTTP/1.1" 200 -
INFO:logger:###              DEMO: POST /admin              ###
INFO:logger:###              DEMO: POST /users              ###
INFO:logger:---- new user  ----
DEBUG:logger:payload: {'username': 'pedro.silva', 'email': 'pedro.silva@admin.pt', 'password': '123pedro'}
INFO:logger:---- new admin  ----
DEBUG:logger:payload: {'username': 'pedro.silva', 'email': 'pedro.silva@admin.pt', 'password': '123pedro'}
INFO:werkzeug:127.0.0.1 - - [30/Nov/2024 11:03:38] "POST /cloud-query/admin HTTP/1.1" 200 -
INFO:logger:###              DEMO: POST /admin              ###
INFO:logger:###              DEMO: POST /users              ###
INFO:logger:---- new user  ----
DEBUG:logger:payload: {'username': 'ramyad.ra', 'email': 'ramyad.ra@admin.pt', 'password': '123ramyad'}
INFO:logger:---- new admin  ----
DEBUG:logger:payload: {'username': 'ramyad.ra', 'email': 'ramyad.ra@admin.pt', 'password': '123ramyad'}
INFO:werkzeug:127.0.0.1 - - [30/Nov/2024 11:03:54] "POST /cloud-query/admin HTTP/1.1" 200 -
INFO:logger:
---------------------------------------------------------------
API v1.0 online: http://localhost:8080/cloud-query/


INFO:werkzeug:[31m[1mWARNING: This is a development server. Do not use it in a production deployment. Use a production WSGI server instead.[0m
 * Running on all addresses (0.0.0.0)
 * Running on http://127.0.0.1:8080
 * Running on http://192.168.1.137:8080
INFO:werkzeug:[33mPress CTRL+C to quit[0m
INFO:werkzeug: * Restarting with stat
INFO:logger:
---------------------------------------------------------------
API v1.0 online: http://localhost:8080/cloud-query/


WARNING:werkzeug: * Debugger is active!
INFO:werkzeug: * Debugger PIN: 105-872-535
INFO:logger:###              DEMO: PUT /users              ###
INFO:werkzeug:127.0.0.1 - - [30/Nov/2024 11:05:24] "PUT /cloud-query/user HTTP/1.1" 200 -
INFO:logger:
---------------------------------------------------------------
API v1.0 online: http://localhost:8080/cloud-query/


INFO:werkzeug:[31m[1mWARNING: This is a development server. Do not use it in a production deployment. Use a production WSGI server instead.[0m
 * Running on all addresses (0.0.0.0)
 * Running on http://127.0.0.1:8080
 * Running on http://192.168.1.137:8080
INFO:werkzeug:[33mPress CTRL+C to quit[0m
INFO:werkzeug: * Restarting with stat
INFO:logger:
---------------------------------------------------------------
API v1.0 online: http://localhost:8080/cloud-query/


WARNING:werkzeug: * Debugger is active!
INFO:werkzeug: * Debugger PIN: 105-872-535
INFO:logger:
---------------------------------------------------------------
API v1.0 online: http://localhost:8080/cloud-query/


INFO:werkzeug:[31m[1mWARNING: This is a development server. Do not use it in a production deployment. Use a production WSGI server instead.[0m
 * Running on all addresses (0.0.0.0)
 * Running on http://127.0.0.1:8080
 * Running on http://192.168.1.137:8080
INFO:werkzeug:[33mPress CTRL+C to quit[0m
INFO:werkzeug: * Restarting with stat
INFO:logger:
---------------------------------------------------------------
API v1.0 online: http://localhost:8080/cloud-query/


WARNING:werkzeug: * Debugger is active!
INFO:werkzeug: * Debugger PIN: 105-872-535
INFO:werkzeug:127.0.0.1 - - [30/Nov/2024 11:07:45] "GET /cloud-query/ HTTP/1.1" 200 -
INFO:werkzeug:127.0.0.1 - - [30/Nov/2024 11:07:45] "[33mGET /favicon.ico HTTP/1.1[0m" 404 -
INFO:logger:###              DEMO: PUT /users              ###
INFO:werkzeug:127.0.0.1 - - [30/Nov/2024 11:08:05] "PUT /cloud-query/user HTTP/1.1" 200 -
INFO:logger:###              DEMO: POST /crew              ###
INFO:werkzeug:127.0.0.1 - - [30/Nov/2024 11:08:43] "[31m[1mPOST /cloud-query/crew HTTP/1.1[0m" 401 -
INFO:logger:###              DEMO: POST /crew              ###
INFO:werkzeug:127.0.0.1 - - [30/Nov/2024 11:08:49] "[31m[1mPOST /cloud-query/crew HTTP/1.1[0m" 401 -
INFO:logger:###              DEMO: POST /crew              ###
INFO:werkzeug:127.0.0.1 - - [30/Nov/2024 11:08:50] "[31m[1mPOST /cloud-query/crew HTTP/1.1[0m" 401 -
INFO:werkzeug: * Detected change in '/Users/francisca_mateus/Desktop/Universidade/2º Ano/1º Semestre/SGD/Projeto/Cloud-Query/python/app/cloud_query.py', reloading
INFO:werkzeug: * Restarting with stat
INFO:logger:
---------------------------------------------------------------
API v1.0 online: http://localhost:8080/cloud-query/


WARNING:werkzeug: * Debugger is active!
INFO:werkzeug: * Debugger PIN: 105-872-535
INFO:logger:###              DEMO: POST /crew              ###
INFO:logger:---- new crew  ----
DEBUG:logger:payload: {'id': 1, 'exp': 1732968485.3614578}
ERROR:logger:null value in column "admin__user__id_user" of relation "crew" violates not-null constraint
DETAIL:  Failing row contains (1, null, 1).

INFO:werkzeug:127.0.0.1 - - [30/Nov/2024 11:10:17] "POST /cloud-query/crew HTTP/1.1" 200 -
INFO:logger:###              DEMO: GET /crewa             ###
INFO:werkzeug:127.0.0.1 - - [30/Nov/2024 11:10:46] "[31m[1mGET /cloud-query/crew HTTP/1.1[0m" 401 -
INFO:logger:###              DEMO: GET /crewa             ###
DEBUG:logger:---- departments  ----
INFO:werkzeug:127.0.0.1 - - [30/Nov/2024 11:10:56] "GET /cloud-query/crew HTTP/1.1" 200 -
INFO:werkzeug: * Detected change in '/Users/francisca_mateus/Desktop/Universidade/2º Ano/1º Semestre/SGD/Projeto/Cloud-Query/python/app/cloud_query.py', reloading
INFO:werkzeug: * Restarting with stat
INFO:logger:
---------------------------------------------------------------
API v1.0 online: http://localhost:8080/cloud-query/


WARNING:werkzeug: * Debugger is active!
INFO:werkzeug: * Debugger PIN: 105-872-535
INFO:werkzeug: * Detected change in '/Users/francisca_mateus/Desktop/Universidade/2º Ano/1º Semestre/SGD/Projeto/Cloud-Query/python/app/cloud_query.py', reloading
INFO:werkzeug: * Restarting with stat
INFO:logger:
---------------------------------------------------------------
API v1.0 online: http://localhost:8080/cloud-query/


WARNING:werkzeug: * Debugger is active!
INFO:werkzeug: * Debugger PIN: 105-872-535
INFO:logger:###              DEMO: POST /crew              ###
INFO:logger:---- new crew  ----
DEBUG:logger:payload: {'id': 1, 'exp': 1732968485.3614578}
INFO:werkzeug:127.0.0.1 - - [30/Nov/2024 11:13:11] "POST /cloud-query/crew HTTP/1.1" 200 -
INFO:logger:
---------------------------------------------------------------
API v1.0 online: http://localhost:8080/cloud-query/


INFO:werkzeug:[31m[1mWARNING: This is a development server. Do not use it in a production deployment. Use a production WSGI server instead.[0m
 * Running on all addresses (0.0.0.0)
 * Running on http://127.0.0.1:8080
 * Running on http://192.168.1.137:8080
INFO:werkzeug:[33mPress CTRL+C to quit[0m
INFO:werkzeug: * Restarting with stat
INFO:logger:
---------------------------------------------------------------
API v1.0 online: http://localhost:8080/cloud-query/


WARNING:werkzeug: * Debugger is active!
INFO:werkzeug: * Debugger PIN: 105-872-535
INFO:logger:###              DEMO: POST /admin              ###
INFO:logger:###              DEMO: POST /users              ###
INFO:logger:---- new user  ----
DEBUG:logger:payload: {'username': 'ramyad.ra', 'email': 'ramyad.ra@admin.pt', 'password': '123ramyad'}
INFO:logger:---- new admin  ----
DEBUG:logger:payload: {'username': 'ramyad.ra', 'email': 'ramyad.ra@admin.pt', 'password': '123ramyad'}
INFO:werkzeug:127.0.0.1 - - [30/Nov/2024 19:46:01] "POST /cloud-query/admin HTTP/1.1" 200 -
INFO:logger:###              DEMO: POST /admin              ###
INFO:logger:###              DEMO: POST /users              ###
INFO:logger:---- new user  ----
DEBUG:logger:payload: {'username': 'pedro.silva', 'email': 'pedro.silva@admin.pt', 'password': '123pedro'}
INFO:logger:---- new admin  ----
DEBUG:logger:payload: {'username': 'pedro.silva', 'email': 'pedro.silva@admin.pt', 'password': '123pedro'}
INFO:werkzeug:127.0.0.1 - - [30/Nov/2024 19:46:19] "POST /cloud-query/admin HTTP/1.1" 200 -
INFO:logger:###              DEMO: POST /admin              ###
INFO:logger:###              DEMO: POST /users              ###
INFO:logger:---- new user  ----
DEBUG:logger:payload: {'username': 'francisca.mateus', 'email': 'francisca.mateus@admin.pt', 'password': '123francisca'}
INFO:logger:---- new admin  ----
DEBUG:logger:payload: {'username': 'francisca.mateus', 'email': 'francisca.mateus@admin.pt', 'password': '123francisca'}
INFO:werkzeug:127.0.0.1 - - [30/Nov/2024 19:46:31] "POST /cloud-query/admin HTTP/1.1" 200 -
INFO:logger:###              DEMO: POST /passenger              ###
INFO:logger:###              DEMO: POST /users              ###
INFO:logger:---- new user  ----
DEBUG:logger:payload: {'username': 'maria.mendes', 'email': 'maria.mendes@passenger.pt', 'password': '123maria'}
INFO:logger:---- new passenger  ----
DEBUG:logger:payload: {'username': 'maria.mendes', 'email': 'maria.mendes@passenger.pt', 'password': '123maria'}
ERROR:logger:relation "passenger" does not exist
LINE 2:                   INSERT INTO passenger (user__id_user) 
                                      ^

INFO:werkzeug:127.0.0.1 - - [30/Nov/2024 19:47:06] "POST /cloud-query/passenger HTTP/1.1" 200 -
INFO:werkzeug: * Detected change in '/Users/francisca_mateus/Desktop/Universidade/2º Ano/1º Semestre/SGD/Projeto/Cloud-Query/python/app/cloud_query.py', reloading
INFO:werkzeug: * Restarting with stat
INFO:logger:
---------------------------------------------------------------
API v1.0 online: http://localhost:8080/cloud-query/


WARNING:werkzeug: * Debugger is active!
INFO:werkzeug: * Debugger PIN: 105-872-535
INFO:logger:###              DEMO: POST /passenger              ###
INFO:logger:---- new passenger  ----
DEBUG:logger:payload: {'username': 'maria.mendes', 'email': 'maria.mendes@passenger.pt', 'password': '123maria'}
INFO:werkzeug:127.0.0.1 - - [30/Nov/2024 19:49:19] "POST /cloud-query/passenger HTTP/1.1" 200 -
INFO:logger:###              DEMO: PUT /users              ###
INFO:werkzeug:127.0.0.1 - - [30/Nov/2024 19:51:00] "PUT /cloud-query/user HTTP/1.1" 200 -
INFO:logger:###              DEMO: POST /crew              ###
INFO:logger:---- new crew  ----
DEBUG:logger:payload: {'id': 3, 'exp': 1732999860.1702552}
INFO:werkzeug:127.0.0.1 - - [30/Nov/2024 19:51:30] "POST /cloud-query/crew HTTP/1.1" 200 -
INFO:logger:###              DEMO: POST /crew              ###
INFO:logger:---- new crew  ----
DEBUG:logger:payload: {'id': 3, 'exp': 1732999860.1702552}
INFO:werkzeug:127.0.0.1 - - [30/Nov/2024 19:51:44] "POST /cloud-query/crew HTTP/1.1" 200 -
INFO:logger:###              DEMO: POST /crew              ###
INFO:logger:---- new crew  ----
DEBUG:logger:payload: {'id': 3, 'exp': 1732999860.1702552}
INFO:werkzeug:127.0.0.1 - - [30/Nov/2024 19:51:45] "POST /cloud-query/crew HTTP/1.1" 200 -
INFO:logger:###              DEMO: POST /crew_member              ###
INFO:werkzeug:127.0.0.1 - - [30/Nov/2024 19:53:30] "[31m[1mPOST /cloud-query/crew_member HTTP/1.1[0m" 401 -
INFO:logger:###              DEMO: POST /crew_member              ###
INFO:logger:###              DEMO: POST /users              ###
INFO:logger:---- new user  ----
DEBUG:logger:payload: {'username': 'jessica.silva', 'email': 'jessica.silva@crew.pt', 'password': '123jessica', 'role': 'pilot', 'crew_id': 1}
INFO:logger:---- new crew_member  ----
DEBUG:logger:payload: {'username': 'jessica.silva', 'email': 'jessica.silva@crew.pt', 'password': '123jessica', 'role': 'pilot', 'crew_id': 1}
ERROR:logger:null value in column "admin__user__id_user" of relation "crew_members" violates not-null constraint
DETAIL:  Failing row contains (null, 5).

INFO:werkzeug:127.0.0.1 - - [30/Nov/2024 19:53:50] "POST /cloud-query/crew_member HTTP/1.1" 200 -
INFO:logger:
---------------------------------------------------------------
API v1.0 online: http://localhost:8080/cloud-query/


INFO:werkzeug:[31m[1mWARNING: This is a development server. Do not use it in a production deployment. Use a production WSGI server instead.[0m
 * Running on all addresses (0.0.0.0)
 * Running on http://127.0.0.1:8080
 * Running on http://192.168.1.137:8080
INFO:werkzeug:[33mPress CTRL+C to quit[0m
INFO:werkzeug: * Restarting with stat
INFO:logger:
---------------------------------------------------------------
API v1.0 online: http://localhost:8080/cloud-query/


WARNING:werkzeug: * Debugger is active!
INFO:werkzeug: * Debugger PIN: 105-872-535
INFO:logger:###              DEMO: POST /crew_member              ###
INFO:werkzeug:127.0.0.1 - - [30/Nov/2024 19:57:02] "[35m[1mPOST /cloud-query/crew_member HTTP/1.1[0m" 500 -
INFO:logger:
---------------------------------------------------------------
API v1.0 online: http://localhost:8080/cloud-query/


INFO:werkzeug:[31m[1mWARNING: This is a development server. Do not use it in a production deployment. Use a production WSGI server instead.[0m
 * Running on all addresses (0.0.0.0)
 * Running on http://127.0.0.1:8080
 * Running on http://192.168.1.137:8080
INFO:werkzeug:[33mPress CTRL+C to quit[0m
INFO:werkzeug: * Restarting with stat
INFO:logger:
---------------------------------------------------------------
API v1.0 online: http://localhost:8080/cloud-query/


WARNING:werkzeug: * Debugger is active!
INFO:werkzeug: * Debugger PIN: 105-872-535
INFO:logger:###              DEMO: POST /crew_member              ###
INFO:logger:---- new crew_member  ----
DEBUG:logger:payload: {'username': 'jessica.silva', 'email': 'jessica.silva@crew.pt', 'password': '123jessica', 'role': 'pilot', 'crew_id': 1}
ERROR:logger:column "admin__user_id_user" of relation "crew_members" does not exist
LINE 2: ...          INSERT INTO crew_members (user__id_user,admin__use...
                                                             ^

INFO:werkzeug:127.0.0.1 - - [30/Nov/2024 19:57:29] "POST /cloud-query/crew_member HTTP/1.1" 200 -
INFO:logger:
---------------------------------------------------------------
API v1.0 online: http://localhost:8080/cloud-query/


INFO:werkzeug:[31m[1mWARNING: This is a development server. Do not use it in a production deployment. Use a production WSGI server instead.[0m
 * Running on all addresses (0.0.0.0)
 * Running on http://127.0.0.1:8080
 * Running on http://192.168.1.137:8080
INFO:werkzeug:[33mPress CTRL+C to quit[0m
INFO:werkzeug: * Restarting with stat
INFO:logger:
---------------------------------------------------------------
API v1.0 online: http://localhost:8080/cloud-query/


WARNING:werkzeug: * Debugger is active!
INFO:werkzeug: * Debugger PIN: 105-872-535
INFO:logger:###              DEMO: POST /crew_member              ###
INFO:logger:---- new crew_member  ----
DEBUG:logger:payload: {'username': 'jessica.silva', 'email': 'jessica.silva@crew.pt', 'password': '123jessica', 'role': 'pilot', 'crew_id': 1}
ERROR:logger:insert or update on table "pilot" violates foreign key constraint "pilot_fk1"
DETAIL:  Key (crew_crew_id)=(5) is not present in table "crew".

INFO:werkzeug:127.0.0.1 - - [30/Nov/2024 19:59:12] "POST /cloud-query/crew_member HTTP/1.1" 200 -
INFO:logger:
---------------------------------------------------------------
API v1.0 online: http://localhost:8080/cloud-query/


INFO:werkzeug:[31m[1mWARNING: This is a development server. Do not use it in a production deployment. Use a production WSGI server instead.[0m
 * Running on all addresses (0.0.0.0)
 * Running on http://127.0.0.1:8080
 * Running on http://192.168.1.137:8080
INFO:werkzeug:[33mPress CTRL+C to quit[0m
INFO:werkzeug: * Restarting with stat
INFO:logger:
---------------------------------------------------------------
API v1.0 online: http://localhost:8080/cloud-query/


WARNING:werkzeug: * Debugger is active!
INFO:werkzeug: * Debugger PIN: 105-872-535
INFO:logger:###              DEMO: POST /crew_member              ###
INFO:logger:---- new crew_member  ----
DEBUG:logger:payload: {'username': 'jessica.silva', 'email': 'jessica.silva@crew.pt', 'password': '123jessica', 'role': 'pilot', 'crew_id': 1}
INFO:werkzeug:127.0.0.1 - - [30/Nov/2024 20:00:31] "POST /cloud-query/crew_member HTTP/1.1" 200 -
INFO:logger:
---------------------------------------------------------------
API v1.0 online: http://localhost:8080/cloud-query/


INFO:werkzeug:[31m[1mWARNING: This is a development server. Do not use it in a production deployment. Use a production WSGI server instead.[0m
 * Running on all addresses (0.0.0.0)
 * Running on http://127.0.0.1:8080
 * Running on http://192.168.1.137:8080
INFO:werkzeug:[33mPress CTRL+C to quit[0m
INFO:werkzeug: * Restarting with stat
INFO:logger:
---------------------------------------------------------------
API v1.0 online: http://localhost:8080/cloud-query/


WARNING:werkzeug: * Debugger is active!
INFO:werkzeug: * Debugger PIN: 105-872-535
INFO:werkzeug:127.0.0.1 - - [01/Dec/2024 10:45:33] "GET /cloud-query/ HTTP/1.1" 200 -
INFO:logger:
---------------------------------------------------------------
API v1.0 online: http://localhost:8080/cloud-query/


INFO:werkzeug:[31m[1mWARNING: This is a development server. Do not use it in a production deployment. Use a production WSGI server instead.[0m
 * Running on all addresses (0.0.0.0)
 * Running on http://127.0.0.1:8080
 * Running on http://192.168.1.137:8080
INFO:werkzeug:[33mPress CTRL+C to quit[0m
INFO:werkzeug: * Restarting with stat
INFO:logger:
---------------------------------------------------------------
API v1.0 online: http://localhost:8080/cloud-query/


WARNING:werkzeug: * Debugger is active!
INFO:werkzeug: * Debugger PIN: 105-872-535
INFO:logger:###              DEMO: POST /admin              ###
INFO:logger:###              DEMO: POST /users              ###
INFO:logger:---- new user  ----
DEBUG:logger:payload: {'username': 'francisca.mateus', 'email': 'francisca.mateus@admin.pt', 'password': '123francisca'}
INFO:logger:---- new admin  ----
DEBUG:logger:payload: {'username': 'francisca.mateus', 'email': 'francisca.mateus@admin.pt', 'password': '123francisca'}
INFO:werkzeug:127.0.0.1 - - [01/Dec/2024 11:05:46] "POST /cloud-query/admin HTTP/1.1" 200 -
INFO:logger:###              DEMO: POST /admin              ###
INFO:logger:###              DEMO: POST /users              ###
INFO:logger:---- new user  ----
DEBUG:logger:payload: {'username': 'pedro.silva', 'email': 'pedro.silva@admin.pt', 'password': '123pedro'}
INFO:logger:---- new admin  ----
DEBUG:logger:payload: {'username': 'pedro.silva', 'email': 'pedro.silva@admin.pt', 'password': '123pedro'}
INFO:werkzeug:127.0.0.1 - - [01/Dec/2024 11:06:02] "POST /cloud-query/admin HTTP/1.1" 200 -
INFO:logger:###              DEMO: POST /admin              ###
INFO:logger:###              DEMO: POST /users              ###
INFO:logger:---- new user  ----
DEBUG:logger:payload: {'username': 'ramyad.ra', 'email': 'ramyad.ra@admin.pt', 'password': '123ramyad'}
INFO:logger:---- new admin  ----
DEBUG:logger:payload: {'username': 'ramyad.ra', 'email': 'ramyad.ra@admin.pt', 'password': '123ramyad'}
INFO:werkzeug:127.0.0.1 - - [01/Dec/2024 11:06:12] "POST /cloud-query/admin HTTP/1.1" 200 -
INFO:werkzeug: * Detected change in '/Users/francisca_mateus/Desktop/Universidade/2º Ano/1º Semestre/SGD/Projeto/Cloud-Query/python/app/cloud_query.py', reloading
INFO:werkzeug: * Restarting with stat
INFO:logger:
---------------------------------------------------------------
API v1.0 online: http://localhost:8080/cloud-query/


WARNING:werkzeug: * Debugger is active!
INFO:werkzeug: * Debugger PIN: 105-872-535
INFO:logger:###              DEMO: PUT /users              ###
INFO:werkzeug:127.0.0.1 - - [01/Dec/2024 11:06:36] "PUT /cloud-query/user HTTP/1.1" 200 -
INFO:logger:###              DEMO: POST /crew              ###
INFO:werkzeug:127.0.0.1 - - [01/Dec/2024 11:07:02] "[31m[1mPOST /cloud-query/crew HTTP/1.1[0m" 401 -
INFO:logger:###              DEMO: POST /crew              ###
INFO:logger:---- new crew  ----
DEBUG:logger:payload: {'id': 1, 'exp': 1733054796.025028}
INFO:werkzeug:127.0.0.1 - - [01/Dec/2024 11:07:13] "POST /cloud-query/crew HTTP/1.1" 200 -
INFO:logger:###              DEMO: POST /crew              ###
INFO:logger:---- new crew  ----
DEBUG:logger:payload: {'id': 1, 'exp': 1733054796.025028}
INFO:werkzeug:127.0.0.1 - - [01/Dec/2024 11:07:33] "POST /cloud-query/crew HTTP/1.1" 200 -
INFO:logger:###              DEMO: POST /crew              ###
INFO:logger:---- new crew  ----
DEBUG:logger:payload: {'id': 1, 'exp': 1733054796.025028}
INFO:werkzeug:127.0.0.1 - - [01/Dec/2024 11:07:34] "POST /cloud-query/crew HTTP/1.1" 200 -
INFO:logger:###              DEMO: POST /crew_member              ###
INFO:logger:---- new crew_member  ----
DEBUG:logger:payload: {'username': 'jessica.silva', 'email': 'jessica.silva@crew.pt', 'password': '123jessica', 'role': 'pilot', 'crew_id': 1}
INFO:werkzeug:127.0.0.1 - - [01/Dec/2024 11:08:07] "[35m[1mPOST /cloud-query/crew_member HTTP/1.1[0m" 500 -
INFO:werkzeug: * Detected change in '/Users/francisca_mateus/Desktop/Universidade/2º Ano/1º Semestre/SGD/Projeto/Cloud-Query/python/app/cloud_query.py', reloading
INFO:werkzeug: * Restarting with stat
INFO:logger:
---------------------------------------------------------------
API v1.0 online: http://localhost:8080/cloud-query/


WARNING:werkzeug: * Debugger is active!
INFO:werkzeug: * Debugger PIN: 105-872-535
INFO:logger:###              DEMO: POST /crew_member              ###
INFO:logger:###              DEMO: POST /users              ###
INFO:logger:---- new user  ----
DEBUG:logger:payload: {'username': 'jessica.silva', 'email': 'jessica.silva@crew.pt', 'password': '123jessica', 'role': 'pilot', 'crew_id': 1}
INFO:logger:---- new crew_member  ----
DEBUG:logger:payload: {'username': 'jessica.silva', 'email': 'jessica.silva@crew.pt', 'password': '123jessica', 'role': 'pilot', 'crew_id': 1}
INFO:werkzeug:127.0.0.1 - - [01/Dec/2024 11:08:49] "POST /cloud-query/crew_member HTTP/1.1" 200 -
INFO:logger:###              DEMO: GET /crew             ###
DEBUG:logger:---- departments  ----
DEBUG:logger:(1, 1, None)
DEBUG:logger:(2, 1, None)
DEBUG:logger:(3, 1, None)
INFO:werkzeug:127.0.0.1 - - [01/Dec/2024 11:11:33] "GET /cloud-query/crew HTTP/1.1" 200 -
INFO:werkzeug: * Detected change in '/Users/francisca_mateus/Desktop/Universidade/2º Ano/1º Semestre/SGD/Projeto/Cloud-Query/python/app/cloud_query.py', reloading
INFO:werkzeug: * Restarting with stat
INFO:logger:
---------------------------------------------------------------
API v1.0 online: http://localhost:8080/cloud-query/


WARNING:werkzeug: * Debugger is active!
INFO:werkzeug: * Debugger PIN: 105-872-535
INFO:werkzeug: * Detected change in '/Users/francisca_mateus/Desktop/Universidade/2º Ano/1º Semestre/SGD/Projeto/Cloud-Query/python/app/cloud_query.py', reloading
INFO:werkzeug: * Restarting with stat
INFO:logger:
---------------------------------------------------------------
API v1.0 online: http://localhost:8080/cloud-query/


WARNING:werkzeug: * Debugger is active!
INFO:werkzeug: * Debugger PIN: 105-872-535
INFO:logger:###              DEMO: POST /passenger              ###
INFO:logger:---- new passenger  ----
DEBUG:logger:payload: {'username': 'maria.mendes', 'email': 'maria.mendes@passenger.pt', 'password': '123maria'}
INFO:werkzeug:127.0.0.1 - - [01/Dec/2024 11:20:40] "[31m[1mPOST /cloud-query/passenger HTTP/1.1[0m" 401 -
INFO:logger:
---------------------------------------------------------------
API v1.0 online: http://localhost:8080/cloud-query/


INFO:werkzeug:[31m[1mWARNING: This is a development server. Do not use it in a production deployment. Use a production WSGI server instead.[0m
 * Running on all addresses (0.0.0.0)
 * Running on http://127.0.0.1:8080
 * Running on http://192.168.1.137:8080
INFO:werkzeug:[33mPress CTRL+C to quit[0m
INFO:werkzeug: * Restarting with stat
INFO:logger:
---------------------------------------------------------------
API v1.0 online: http://localhost:8080/cloud-query/


WARNING:werkzeug: * Debugger is active!
INFO:werkzeug: * Debugger PIN: 105-872-535
INFO:logger:###              DEMO: POST /passenger              ###
INFO:logger:###              DEMO: POST /users              ###
INFO:logger:---- new user  ----
DEBUG:logger:payload: {'username': 'maria.mendes', 'email': 'maria.mendes@passenger.pt', 'password': '123maria'}
INFO:logger:---- new passenger  ----
DEBUG:logger:payload: {'username': 'maria.mendes', 'email': 'maria.mendes@passenger.pt', 'password': '123maria'}
INFO:werkzeug:127.0.0.1 - - [01/Dec/2024 11:21:13] "POST /cloud-query/passenger HTTP/1.1" 200 -
INFO:logger:###              DEMO: PUT /users              ###
INFO:werkzeug:127.0.0.1 - - [01/Dec/2024 11:26:41] "PUT /cloud-query/user HTTP/1.1" 200 -
INFO:logger:###              DEMO: POST /airport              ###
INFO:logger:---- new airport  ----
DEBUG:logger:payload: {'id': 1, 'exp': 1733056001.930898}
ERROR:logger:relation "airport" does not exist
LINE 2:     SELECT (airport_code) FROM airport WHERE admin__user__id...
                                       ^

INFO:werkzeug:127.0.0.1 - - [01/Dec/2024 11:27:01] "[35m[1mPOST /cloud-query/airport HTTP/1.1[0m" 500 -
INFO:werkzeug: * Detected change in '/Users/francisca_mateus/Desktop/Universidade/2º Ano/1º Semestre/SGD/Projeto/Cloud-Query/python/app/cloud_query.py', reloading
INFO:werkzeug: * Restarting with stat
INFO:logger:
---------------------------------------------------------------
API v1.0 online: http://localhost:8080/cloud-query/


WARNING:werkzeug: * Debugger is active!
INFO:werkzeug: * Debugger PIN: 105-872-535
INFO:logger:
---------------------------------------------------------------
API v1.0 online: http://localhost:8080/cloud-query/


INFO:werkzeug:[31m[1mWARNING: This is a development server. Do not use it in a production deployment. Use a production WSGI server instead.[0m
 * Running on all addresses (0.0.0.0)
 * Running on http://127.0.0.1:8080
 * Running on http://192.168.1.137:8080
INFO:werkzeug:[33mPress CTRL+C to quit[0m
INFO:werkzeug: * Restarting with stat
INFO:logger:
---------------------------------------------------------------
API v1.0 online: http://localhost:8080/cloud-query/


WARNING:werkzeug: * Debugger is active!
INFO:werkzeug: * Debugger PIN: 105-872-535
INFO:logger:###              DEMO: POST /airport              ###
INFO:logger:---- new airport  ----
DEBUG:logger:payload: {'id': 1, 'exp': 1733056001.930898}
ERROR:logger:relation "airport" does not exist
LINE 2:     SELECT (airport_code) FROM airport WHERE admin__user__id...
                                       ^

INFO:werkzeug:127.0.0.1 - - [01/Dec/2024 11:28:12] "[35m[1mPOST /cloud-query/airport HTTP/1.1[0m" 500 -
INFO:werkzeug: * Detected change in '/Users/francisca_mateus/Desktop/Universidade/2º Ano/1º Semestre/SGD/Projeto/Cloud-Query/python/app/cloud_query.py', reloading
INFO:werkzeug: * Restarting with stat
INFO:logger:
---------------------------------------------------------------
API v1.0 online: http://localhost:8080/cloud-query/


WARNING:werkzeug: * Debugger is active!
INFO:werkzeug: * Debugger PIN: 105-872-535
INFO:logger:
---------------------------------------------------------------
API v1.0 online: http://localhost:8080/cloud-query/


INFO:werkzeug:[31m[1mWARNING: This is a development server. Do not use it in a production deployment. Use a production WSGI server instead.[0m
 * Running on all addresses (0.0.0.0)
 * Running on http://127.0.0.1:8080
 * Running on http://192.168.1.137:8080
INFO:werkzeug:[33mPress CTRL+C to quit[0m
INFO:werkzeug: * Restarting with stat
INFO:logger:
---------------------------------------------------------------
API v1.0 online: http://localhost:8080/cloud-query/


WARNING:werkzeug: * Debugger is active!
INFO:werkzeug: * Debugger PIN: 105-872-535
INFO:logger:###              DEMO: POST /airport              ###
INFO:logger:---- new airport  ----
DEBUG:logger:payload: {'id': 1, 'exp': 1733056001.930898}
ERROR:logger:no results to fetch
INFO:werkzeug:127.0.0.1 - - [01/Dec/2024 11:30:31] "[35m[1mPOST /cloud-query/airport HTTP/1.1[0m" 500 -
INFO:werkzeug: * Detected change in '/Users/francisca_mateus/Desktop/Universidade/2º Ano/1º Semestre/SGD/Projeto/Cloud-Query/python/app/cloud_query.py', reloading
INFO:werkzeug: * Restarting with stat
INFO:logger:
---------------------------------------------------------------
API v1.0 online: http://localhost:8080/cloud-query/


WARNING:werkzeug: * Debugger is active!
INFO:werkzeug: * Debugger PIN: 105-872-535
INFO:logger:###              DEMO: POST /airport              ###
INFO:logger:---- new airport  ----
DEBUG:logger:payload: {'id': 1, 'exp': 1733056001.930898}
ERROR:logger:no results to fetch
INFO:werkzeug:127.0.0.1 - - [01/Dec/2024 11:31:28] "[35m[1mPOST /cloud-query/airport HTTP/1.1[0m" 500 -
INFO:logger:
---------------------------------------------------------------
API v1.0 online: http://localhost:8080/cloud-query/


INFO:werkzeug:[31m[1mWARNING: This is a development server. Do not use it in a production deployment. Use a production WSGI server instead.[0m
 * Running on all addresses (0.0.0.0)
 * Running on http://127.0.0.1:8080
 * Running on http://192.168.1.137:8080
INFO:werkzeug:[33mPress CTRL+C to quit[0m
INFO:werkzeug: * Restarting with stat
INFO:logger:
---------------------------------------------------------------
API v1.0 online: http://localhost:8080/cloud-query/


WARNING:werkzeug: * Debugger is active!
INFO:werkzeug: * Debugger PIN: 105-872-535
INFO:logger:###              DEMO: POST /airport              ###
INFO:logger:---- new airport  ----
DEBUG:logger:payload: {'id': 1, 'exp': 1733056001.930898}
ERROR:logger:no results to fetch
INFO:werkzeug:127.0.0.1 - - [01/Dec/2024 11:31:50] "[35m[1mPOST /cloud-query/airport HTTP/1.1[0m" 500 -
INFO:logger:
---------------------------------------------------------------
API v1.0 online: http://localhost:8080/cloud-query/


INFO:werkzeug:[31m[1mWARNING: This is a development server. Do not use it in a production deployment. Use a production WSGI server instead.[0m
 * Running on all addresses (0.0.0.0)
 * Running on http://127.0.0.1:8080
 * Running on http://192.168.1.137:8080
INFO:werkzeug:[33mPress CTRL+C to quit[0m
INFO:werkzeug: * Restarting with stat
INFO:logger:
---------------------------------------------------------------
API v1.0 online: http://localhost:8080/cloud-query/


WARNING:werkzeug: * Debugger is active!
INFO:werkzeug: * Debugger PIN: 105-872-535
INFO:logger:###              DEMO: POST /airport              ###
INFO:logger:---- new airport  ----
DEBUG:logger:payload: {'id': 1, 'exp': 1733056001.930898}
INFO:werkzeug:127.0.0.1 - - [01/Dec/2024 11:32:31] "POST /cloud-query/airport HTTP/1.1" 200 -
INFO:werkzeug: * Detected change in '/Users/francisca_mateus/Desktop/Universidade/2º Ano/1º Semestre/SGD/Projeto/Cloud-Query/python/app/cloud_query.py', reloading
INFO:werkzeug: * Restarting with stat
INFO:logger:
---------------------------------------------------------------
API v1.0 online: http://localhost:8080/cloud-query/


WARNING:werkzeug: * Debugger is active!
INFO:werkzeug: * Debugger PIN: 105-872-535
INFO:logger:###              DEMO: POST /airport              ###
INFO:logger:---- new airport  ----
DEBUG:logger:payload: {'id': 1, 'exp': 1733056001.930898}
INFO:werkzeug:127.0.0.1 - - [01/Dec/2024 11:32:52] "[35m[1mPOST /cloud-query/airport HTTP/1.1[0m" 500 -
INFO:logger:
---------------------------------------------------------------
API v1.0 online: http://localhost:8080/cloud-query/


INFO:werkzeug:[31m[1mWARNING: This is a development server. Do not use it in a production deployment. Use a production WSGI server instead.[0m
 * Running on all addresses (0.0.0.0)
 * Running on http://127.0.0.1:8080
 * Running on http://192.168.1.137:8080
INFO:werkzeug:[33mPress CTRL+C to quit[0m
INFO:werkzeug: * Restarting with stat
INFO:logger:
---------------------------------------------------------------
API v1.0 online: http://localhost:8080/cloud-query/


WARNING:werkzeug: * Debugger is active!
INFO:werkzeug: * Debugger PIN: 105-872-535
INFO:logger:###              DEMO: POST /airport              ###
INFO:logger:---- new airport  ----
DEBUG:logger:payload: {'id': 1, 'exp': 1733056001.930898}
INFO:werkzeug:127.0.0.1 - - [01/Dec/2024 11:33:36] "POST /cloud-query/airport HTTP/1.1" 200 -
INFO:logger:
---------------------------------------------------------------
API v1.0 online: http://localhost:8080/cloud-query/


INFO:werkzeug:[31m[1mWARNING: This is a development server. Do not use it in a production deployment. Use a production WSGI server instead.[0m
 * Running on all addresses (0.0.0.0)
 * Running on http://127.0.0.1:8080
 * Running on http://192.168.1.137:8080
INFO:werkzeug:[33mPress CTRL+C to quit[0m
INFO:werkzeug: * Restarting with stat
INFO:logger:
---------------------------------------------------------------
API v1.0 online: http://localhost:8080/cloud-query/


WARNING:werkzeug: * Debugger is active!
INFO:werkzeug: * Debugger PIN: 105-872-535
INFO:logger:
---------------------------------------------------------------
API v1.0 online: http://localhost:8080/cloud-query/


INFO:werkzeug:[31m[1mWARNING: This is a development server. Do not use it in a production deployment. Use a production WSGI server instead.[0m
 * Running on all addresses (0.0.0.0)
 * Running on http://127.0.0.1:8080
 * Running on http://192.168.1.137:8080
INFO:werkzeug:[33mPress CTRL+C to quit[0m
INFO:werkzeug: * Restarting with stat
INFO:logger:
---------------------------------------------------------------
API v1.0 online: http://localhost:8080/cloud-query/


WARNING:werkzeug: * Debugger is active!
INFO:werkzeug: * Debugger PIN: 105-872-535
INFO:logger:###              DEMO: POST /airport              ###
INFO:logger:---- new airport  ----
DEBUG:logger:payload: {'id': 1, 'exp': 1733056001.930898}
INFO:werkzeug:127.0.0.1 - - [01/Dec/2024 11:34:45] "POST /cloud-query/airport HTTP/1.1" 200 -
INFO:werkzeug: * Detected change in '/Users/francisca_mateus/Desktop/Universidade/2º Ano/1º Semestre/SGD/Projeto/Cloud-Query/python/app/cloud_query.py', reloading
INFO:werkzeug: * Restarting with stat
INFO:logger:
---------------------------------------------------------------
API v1.0 online: http://localhost:8080/cloud-query/


WARNING:werkzeug: * Debugger is active!
INFO:werkzeug: * Debugger PIN: 105-872-535
INFO:logger:
---------------------------------------------------------------
API v1.0 online: http://localhost:8080/cloud-query/


INFO:werkzeug:[31m[1mWARNING: This is a development server. Do not use it in a production deployment. Use a production WSGI server instead.[0m
 * Running on all addresses (0.0.0.0)
 * Running on http://127.0.0.1:8080
 * Running on http://192.168.1.137:8080
INFO:werkzeug:[33mPress CTRL+C to quit[0m
INFO:werkzeug: * Restarting with stat
INFO:logger:
---------------------------------------------------------------
API v1.0 online: http://localhost:8080/cloud-query/


WARNING:werkzeug: * Debugger is active!
INFO:werkzeug: * Debugger PIN: 105-872-535
INFO:logger:###              DEMO: POST /airport              ###
INFO:logger:---- new airport  ----
DEBUG:logger:payload: {'id': 1, 'exp': 1733056001.930898}
INFO:werkzeug:127.0.0.1 - - [01/Dec/2024 11:49:02] "POST /cloud-query/airport HTTP/1.1" 200 -
INFO:werkzeug: * Detected change in '/Users/francisca_mateus/Desktop/Universidade/2º Ano/1º Semestre/SGD/Projeto/Cloud-Query/python/app/cloud_query.py', reloading
INFO:werkzeug: * Restarting with stat
INFO:logger:
---------------------------------------------------------------
API v1.0 online: http://localhost:8080/cloud-query/


WARNING:werkzeug: * Debugger is active!
INFO:werkzeug: * Debugger PIN: 105-872-535
INFO:logger:
---------------------------------------------------------------
API v1.0 online: http://localhost:8080/cloud-query/


INFO:werkzeug:[31m[1mWARNING: This is a development server. Do not use it in a production deployment. Use a production WSGI server instead.[0m
 * Running on all addresses (0.0.0.0)
 * Running on http://127.0.0.1:8080
 * Running on http://192.168.1.137:8080
INFO:werkzeug:[33mPress CTRL+C to quit[0m
INFO:werkzeug: * Restarting with stat
INFO:logger:
---------------------------------------------------------------
API v1.0 online: http://localhost:8080/cloud-query/


WARNING:werkzeug: * Debugger is active!
INFO:werkzeug: * Debugger PIN: 105-872-535
INFO:logger:###              DEMO: POST /airport              ###
INFO:logger:---- new airport  ----
DEBUG:logger:payload: {'id': 1, 'exp': 1733056001.930898}
INFO:werkzeug:127.0.0.1 - - [01/Dec/2024 11:49:37] "POST /cloud-query/airport HTTP/1.1" 200 -
INFO:werkzeug: * Detected change in '/Users/francisca_mateus/Desktop/Universidade/2º Ano/1º Semestre/SGD/Projeto/Cloud-Query/python/app/cloud_query.py', reloading
INFO:werkzeug: * Restarting with stat
INFO:logger:
---------------------------------------------------------------
API v1.0 online: http://localhost:8080/cloud-query/


WARNING:werkzeug: * Debugger is active!
INFO:werkzeug: * Debugger PIN: 105-872-535
INFO:logger:###              DEMO: POST /airport              ###
INFO:logger:---- new airport  ----
DEBUG:logger:payload: {'id': 1, 'exp': 1733056001.930898}
INFO:werkzeug:127.0.0.1 - - [01/Dec/2024 11:51:59] "POST /cloud-query/airport HTTP/1.1" 200 -
INFO:werkzeug: * Detected change in '/Users/francisca_mateus/Desktop/Universidade/2º Ano/1º Semestre/SGD/Projeto/Cloud-Query/python/app/cloud_query.py', reloading
INFO:werkzeug: * Restarting with stat
INFO:logger:
---------------------------------------------------------------
API v1.0 online: http://localhost:8080/cloud-query/


WARNING:werkzeug: * Debugger is active!
INFO:werkzeug: * Debugger PIN: 105-872-535
INFO:werkzeug: * Detected change in '/Users/francisca_mateus/Desktop/Universidade/2º Ano/1º Semestre/SGD/Projeto/Cloud-Query/python/app/cloud_query.py', reloading
INFO:werkzeug: * Restarting with stat
INFO:logger:
---------------------------------------------------------------
API v1.0 online: http://localhost:8080/cloud-query/


WARNING:werkzeug: * Debugger is active!
INFO:werkzeug: * Debugger PIN: 105-872-535
INFO:werkzeug: * Detected change in '/Users/francisca_mateus/Desktop/Universidade/2º Ano/1º Semestre/SGD/Projeto/Cloud-Query/python/app/cloud_query.py', reloading
INFO:werkzeug: * Restarting with stat
INFO:logger:
---------------------------------------------------------------
API v1.0 online: http://localhost:8080/cloud-query/


WARNING:werkzeug: * Debugger is active!
INFO:werkzeug: * Debugger PIN: 105-872-535
INFO:werkzeug: * Detected change in '/Users/francisca_mateus/Desktop/Universidade/2º Ano/1º Semestre/SGD/Projeto/Cloud-Query/python/app/cloud_query.py', reloading
INFO:werkzeug: * Restarting with stat
INFO:logger:
---------------------------------------------------------------
API v1.0 online: http://localhost:8080/cloud-query/


INFO:werkzeug:[31m[1mWARNING: This is a development server. Do not use it in a production deployment. Use a production WSGI server instead.[0m
 * Running on all addresses (0.0.0.0)
 * Running on http://127.0.0.1:8080
 * Running on http://192.168.1.137:8080
INFO:werkzeug:[33mPress CTRL+C to quit[0m
INFO:werkzeug: * Restarting with stat
INFO:logger:
---------------------------------------------------------------
API v1.0 online: http://localhost:8080/cloud-query/


WARNING:werkzeug: * Debugger is active!
INFO:werkzeug: * Debugger PIN: 105-872-535
INFO:logger:###              DEMO: POST /flight             ###
INFO:werkzeug:127.0.0.1 - - [01/Dec/2024 12:33:03] "[31m[1mPOST /cloud-query/flight HTTP/1.1[0m" 401 -
INFO:logger:###              DEMO: POST /flight             ###
INFO:werkzeug:127.0.0.1 - - [01/Dec/2024 12:33:14] "[31m[1mPOST /cloud-query/flight HTTP/1.1[0m" 401 -
INFO:logger:###              DEMO: PUT /users              ###
INFO:werkzeug:127.0.0.1 - - [01/Dec/2024 12:33:20] "PUT /cloud-query/user HTTP/1.1" 200 -
INFO:logger:###              DEMO: POST /flight             ###
INFO:logger:---- new airport  ----
DEBUG:logger:payload: {'id': 1, 'exp': 1733060000.174565}
ERROR:logger:syntax error at or near ","
LINE 3: ..., 0, 1,  -1), (1900, 1, 1, 12, 58, 0, 0, 1,  -1), , 170, 1, ...
                                                             ^

INFO:werkzeug:127.0.0.1 - - [01/Dec/2024 12:33:32] "[35m[1mPOST /cloud-query/flight HTTP/1.1[0m" 500 -
INFO:werkzeug: * Detected change in '/Users/francisca_mateus/Desktop/Universidade/2º Ano/1º Semestre/SGD/Projeto/Cloud-Query/python/app/cloud_query.py', reloading
INFO:werkzeug: * Restarting with stat
INFO:logger:
---------------------------------------------------------------
API v1.0 online: http://localhost:8080/cloud-query/


WARNING:werkzeug: * Debugger is active!
INFO:werkzeug: * Debugger PIN: 105-872-535
INFO:logger:###              DEMO: POST /flight             ###
INFO:logger:---- new airport  ----
DEBUG:logger:payload: {'id': 1, 'exp': 1733060000.174565}
ERROR:logger:syntax error at or near ","
LINE 3: ..., 0, 1,  -1), (1900, 1, 1, 12, 58, 0, 0, 1,  -1), , 170, 1, ...
                                                             ^

INFO:werkzeug:127.0.0.1 - - [01/Dec/2024 12:35:00] "[35m[1mPOST /cloud-query/flight HTTP/1.1[0m" 500 -
INFO:logger:
---------------------------------------------------------------
API v1.0 online: http://localhost:8080/cloud-query/


INFO:werkzeug:[31m[1mWARNING: This is a development server. Do not use it in a production deployment. Use a production WSGI server instead.[0m
 * Running on all addresses (0.0.0.0)
 * Running on http://127.0.0.1:8080
 * Running on http://192.168.1.137:8080
INFO:werkzeug:[33mPress CTRL+C to quit[0m
INFO:werkzeug: * Restarting with stat
INFO:logger:
---------------------------------------------------------------
API v1.0 online: http://localhost:8080/cloud-query/


WARNING:werkzeug: * Debugger is active!
INFO:werkzeug: * Debugger PIN: 105-872-535
INFO:logger:###              DEMO: POST /flight             ###
INFO:logger:---- new airport  ----
DEBUG:logger:payload: {'id': 1, 'exp': 1733060000.174565}
ERROR:logger:syntax error at or near ","
LINE 3: ...00'::timestamp, '1900-01-01T12:58:00'::timestamp, , 170, 1, ...
                                                             ^

INFO:werkzeug:127.0.0.1 - - [01/Dec/2024 12:40:04] "[35m[1mPOST /cloud-query/flight HTTP/1.1[0m" 500 -
INFO:logger:
---------------------------------------------------------------
API v1.0 online: http://localhost:8080/cloud-query/


INFO:werkzeug:[31m[1mWARNING: This is a development server. Do not use it in a production deployment. Use a production WSGI server instead.[0m
 * Running on all addresses (0.0.0.0)
 * Running on http://127.0.0.1:8080
 * Running on http://192.168.1.137:8080
INFO:werkzeug:[33mPress CTRL+C to quit[0m
INFO:werkzeug: * Restarting with stat
INFO:logger:
---------------------------------------------------------------
API v1.0 online: http://localhost:8080/cloud-query/


WARNING:werkzeug: * Debugger is active!
INFO:werkzeug: * Debugger PIN: 105-872-535
INFO:logger:###              DEMO: POST /flight             ###
INFO:logger:---- new airport  ----
DEBUG:logger:payload: {'id': 1, 'exp': 1733060000.174565}
INFO:werkzeug:127.0.0.1 - - [01/Dec/2024 12:42:29] "POST /cloud-query/flight HTTP/1.1" 200 -
INFO:werkzeug: * Detected change in '/Users/francisca_mateus/Desktop/Universidade/2º Ano/1º Semestre/SGD/Projeto/Cloud-Query/python/app/cloud_query.py', reloading
INFO:werkzeug: * Restarting with stat
INFO:logger:
---------------------------------------------------------------
API v1.0 online: http://localhost:8080/cloud-query/


WARNING:werkzeug: * Debugger is active!
INFO:werkzeug: * Debugger PIN: 105-872-535
INFO:logger:
---------------------------------------------------------------
API v1.0 online: http://localhost:8080/cloud-query/


INFO:werkzeug:[31m[1mWARNING: This is a development server. Do not use it in a production deployment. Use a production WSGI server instead.[0m
 * Running on all addresses (0.0.0.0)
 * Running on http://127.0.0.1:8080
 * Running on http://192.168.1.137:8080
INFO:werkzeug:[33mPress CTRL+C to quit[0m
INFO:werkzeug: * Restarting with stat
INFO:logger:
---------------------------------------------------------------
API v1.0 online: http://localhost:8080/cloud-query/


WARNING:werkzeug: * Debugger is active!
INFO:werkzeug: * Debugger PIN: 105-872-535
INFO:logger:###              DEMO: POST /flight             ###
INFO:logger:---- new airport  ----
DEBUG:logger:payload: {'id': 1, 'exp': 1733060000.174565}
ERROR:logger:column "departure_time" is of type timestamp without time zone but expression is of type time without time zone
LINE 3:                                       VALUES ('12:00:00'::ti...
                                                      ^
HINT:  You will need to rewrite or cast the expression.

INFO:werkzeug:127.0.0.1 - - [01/Dec/2024 12:44:17] "[35m[1mPOST /cloud-query/flight HTTP/1.1[0m" 500 -
INFO:logger:
---------------------------------------------------------------
API v1.0 online: http://localhost:8080/cloud-query/


INFO:werkzeug:[31m[1mWARNING: This is a development server. Do not use it in a production deployment. Use a production WSGI server instead.[0m
 * Running on all addresses (0.0.0.0)
 * Running on http://127.0.0.1:8080
 * Running on http://192.168.1.137:8080
INFO:werkzeug:[33mPress CTRL+C to quit[0m
INFO:werkzeug: * Restarting with stat
INFO:logger:
---------------------------------------------------------------
API v1.0 online: http://localhost:8080/cloud-query/


WARNING:werkzeug: * Debugger is active!
INFO:werkzeug: * Debugger PIN: 105-872-535
INFO:logger:###              DEMO: POST /flight             ###
INFO:logger:---- new airport  ----
DEBUG:logger:payload: {'id': 1, 'exp': 1733060000.174565}
INFO:werkzeug:127.0.0.1 - - [01/Dec/2024 12:45:02] "POST /cloud-query/flight HTTP/1.1" 200 -
INFO:logger:
---------------------------------------------------------------
API v1.0 online: http://localhost:8080/cloud-query/


INFO:werkzeug:[31m[1mWARNING: This is a development server. Do not use it in a production deployment. Use a production WSGI server instead.[0m
 * Running on all addresses (0.0.0.0)
 * Running on http://127.0.0.1:8080
 * Running on http://192.168.1.137:8080
INFO:werkzeug:[33mPress CTRL+C to quit[0m
INFO:werkzeug: * Restarting with stat
INFO:logger:
---------------------------------------------------------------
API v1.0 online: http://localhost:8080/cloud-query/


WARNING:werkzeug: * Debugger is active!
INFO:werkzeug: * Debugger PIN: 105-872-535
INFO:logger:###              DEMO: POST /flight             ###
INFO:logger:---- new airport  ----
DEBUG:logger:payload: {'id': 1, 'exp': 1733060000.174565}
INFO:werkzeug:127.0.0.1 - - [01/Dec/2024 12:51:12] "POST /cloud-query/flight HTTP/1.1" 200 -
INFO:werkzeug: * Detected change in '/Users/francisca_mateus/Desktop/Universidade/2º Ano/1º Semestre/SGD/Projeto/Cloud-Query/python/app/cloud_query.py', reloading
INFO:werkzeug: * Restarting with stat
INFO:logger:
---------------------------------------------------------------
API v1.0 online: http://localhost:8080/cloud-query/


WARNING:werkzeug: * Debugger is active!
INFO:werkzeug: * Debugger PIN: 105-872-535
INFO:werkzeug: * Detected change in '/Users/francisca_mateus/Desktop/Universidade/2º Ano/1º Semestre/SGD/Projeto/Cloud-Query/python/app/cloud_query.py', reloading
INFO:werkzeug: * Restarting with stat
INFO:logger:
---------------------------------------------------------------
API v1.0 online: http://localhost:8080/cloud-query/


WARNING:werkzeug: * Debugger is active!
INFO:werkzeug: * Debugger PIN: 105-872-535
INFO:werkzeug: * Detected change in '/Users/francisca_mateus/Desktop/Universidade/2º Ano/1º Semestre/SGD/Projeto/Cloud-Query/python/app/cloud_query.py', reloading
INFO:werkzeug: * Restarting with stat
INFO:logger:
---------------------------------------------------------------
API v1.0 online: http://localhost:8080/cloud-query/


WARNING:werkzeug: * Debugger is active!
INFO:werkzeug: * Debugger PIN: 105-872-535
INFO:werkzeug: * Detected change in '/Users/francisca_mateus/Desktop/Universidade/2º Ano/1º Semestre/SGD/Projeto/Cloud-Query/python/app/cloud_query.py', reloading
INFO:werkzeug: * Restarting with stat
INFO:logger:
---------------------------------------------------------------
API v1.0 online: http://localhost:8080/cloud-query/


WARNING:werkzeug: * Debugger is active!
INFO:werkzeug: * Debugger PIN: 105-872-535
INFO:werkzeug: * Detected change in '/Users/francisca_mateus/Desktop/Universidade/2º Ano/1º Semestre/SGD/Projeto/Cloud-Query/python/app/cloud_query.py', reloading
INFO:werkzeug: * Restarting with stat
INFO:logger:
---------------------------------------------------------------
API v1.0 online: http://localhost:8080/cloud-query/


WARNING:werkzeug: * Debugger is active!
INFO:werkzeug: * Debugger PIN: 105-872-535
INFO:werkzeug: * Detected change in '/Users/francisca_mateus/Desktop/Universidade/2º Ano/1º Semestre/SGD/Projeto/Cloud-Query/python/app/cloud_query.py', reloading
INFO:werkzeug: * Restarting with stat
INFO:logger:
---------------------------------------------------------------
API v1.0 online: http://localhost:8080/cloud-query/


WARNING:werkzeug: * Debugger is active!
INFO:werkzeug: * Debugger PIN: 105-872-535
INFO:werkzeug: * Detected change in '/Users/francisca_mateus/Desktop/Universidade/2º Ano/1º Semestre/SGD/Projeto/Cloud-Query/python/app/cloud_query.py', reloading
INFO:werkzeug: * Restarting with stat
INFO:logger:
---------------------------------------------------------------
API v1.0 online: http://localhost:8080/cloud-query/


WARNING:werkzeug: * Debugger is active!
INFO:werkzeug: * Debugger PIN: 105-872-535
INFO:werkzeug: * Detected change in '/Users/francisca_mateus/Desktop/Universidade/2º Ano/1º Semestre/SGD/Projeto/Cloud-Query/python/app/cloud_query.py', reloading
INFO:werkzeug: * Restarting with stat
INFO:logger:
---------------------------------------------------------------
API v1.0 online: http://localhost:8080/cloud-query/


WARNING:werkzeug: * Debugger is active!
INFO:werkzeug: * Debugger PIN: 105-872-535
INFO:werkzeug: * Detected change in '/Users/francisca_mateus/Desktop/Universidade/2º Ano/1º Semestre/SGD/Projeto/Cloud-Query/python/app/cloud_query.py', reloading
INFO:werkzeug: * Restarting with stat
INFO:logger:
---------------------------------------------------------------
API v1.0 online: http://localhost:8080/cloud-query/


INFO:werkzeug:[31m[1mWARNING: This is a development server. Do not use it in a production deployment. Use a production WSGI server instead.[0m
 * Running on all addresses (0.0.0.0)
 * Running on http://127.0.0.1:8080
 * Running on http://192.168.1.137:8080
INFO:werkzeug:[33mPress CTRL+C to quit[0m
INFO:werkzeug: * Restarting with stat
INFO:logger:
---------------------------------------------------------------
API v1.0 online: http://localhost:8080/cloud-query/


WARNING:werkzeug: * Debugger is active!
INFO:werkzeug: * Debugger PIN: 105-872-535
INFO:logger:###              DEMO: PUT /users              ###
INFO:werkzeug:127.0.0.1 - - [01/Dec/2024 15:09:56] "PUT /cloud-query/user HTTP/1.1" 200 -
INFO:logger:###              DEMO: POST /schedule             ###
INFO:logger:---- new schedule  ----
DEBUG:logger:payload: {'id': 1, 'exp': 1733069396.3710191}
INFO:werkzeug:127.0.0.1 - - [01/Dec/2024 15:11:30] "[35m[1mPOST /cloud-query/schedule HTTP/1.1[0m" 500 -
INFO:logger:
---------------------------------------------------------------
API v1.0 online: http://localhost:8080/cloud-query/


INFO:werkzeug:[31m[1mWARNING: This is a development server. Do not use it in a production deployment. Use a production WSGI server instead.[0m
 * Running on all addresses (0.0.0.0)
 * Running on http://127.0.0.1:8080
 * Running on http://192.168.1.137:8080
INFO:werkzeug:[33mPress CTRL+C to quit[0m
INFO:werkzeug: * Restarting with stat
INFO:logger:
---------------------------------------------------------------
API v1.0 online: http://localhost:8080/cloud-query/


WARNING:werkzeug: * Debugger is active!
INFO:werkzeug: * Debugger PIN: 105-872-535
INFO:werkzeug: * Detected change in '/Users/francisca_mateus/Desktop/Universidade/2º Ano/1º Semestre/SGD/Projeto/Cloud-Query/python/app/cloud_query.py', reloading
INFO:werkzeug: * Restarting with stat
INFO:logger:
---------------------------------------------------------------
API v1.0 online: http://localhost:8080/cloud-query/


WARNING:werkzeug: * Debugger is active!
INFO:werkzeug: * Debugger PIN: 105-872-535
INFO:logger:###              DEMO: POST /schedule             ###
INFO:logger:---- new schedule  ----
DEBUG:logger:payload: {'id': 1, 'exp': 1733069396.3710191}
INFO:werkzeug:127.0.0.1 - - [01/Dec/2024 15:13:21] "[35m[1mPOST /cloud-query/schedule HTTP/1.1[0m" 500 -
INFO:logger:
---------------------------------------------------------------
API v1.0 online: http://localhost:8080/cloud-query/


INFO:werkzeug:[31m[1mWARNING: This is a development server. Do not use it in a production deployment. Use a production WSGI server instead.[0m
 * Running on all addresses (0.0.0.0)
 * Running on http://127.0.0.1:8080
 * Running on http://192.168.1.137:8080
INFO:werkzeug:[33mPress CTRL+C to quit[0m
INFO:werkzeug: * Restarting with stat
INFO:logger:
---------------------------------------------------------------
API v1.0 online: http://localhost:8080/cloud-query/


WARNING:werkzeug: * Debugger is active!
INFO:werkzeug: * Debugger PIN: 105-872-535
INFO:logger:###              DEMO: POST /schedule             ###
INFO:logger:---- new schedule  ----
DEBUG:logger:payload: {'id': 1, 'exp': 1733069396.3710191}
INFO:werkzeug:127.0.0.1 - - [01/Dec/2024 15:14:54] "[35m[1mPOST /cloud-query/schedule HTTP/1.1[0m" 500 -
INFO:logger:
---------------------------------------------------------------
API v1.0 online: http://localhost:8080/cloud-query/


INFO:werkzeug:[31m[1mWARNING: This is a development server. Do not use it in a production deployment. Use a production WSGI server instead.[0m
 * Running on all addresses (0.0.0.0)
 * Running on http://127.0.0.1:8080
 * Running on http://192.168.1.137:8080
INFO:werkzeug:[33mPress CTRL+C to quit[0m
INFO:werkzeug: * Restarting with stat
INFO:logger:
---------------------------------------------------------------
API v1.0 online: http://localhost:8080/cloud-query/


WARNING:werkzeug: * Debugger is active!
INFO:werkzeug: * Debugger PIN: 105-872-535
INFO:logger:###              DEMO: POST /schedule             ###
INFO:logger:---- new schedule  ----
DEBUG:logger:payload: {'id': 1, 'exp': 1733069396.3710191}
INFO:werkzeug:127.0.0.1 - - [01/Dec/2024 15:15:40] "[35m[1mPOST /cloud-query/schedule HTTP/1.1[0m" 500 -
INFO:logger:
---------------------------------------------------------------
API v1.0 online: http://localhost:8080/cloud-query/


INFO:werkzeug:[31m[1mWARNING: This is a development server. Do not use it in a production deployment. Use a production WSGI server instead.[0m
 * Running on all addresses (0.0.0.0)
 * Running on http://127.0.0.1:8080
 * Running on http://192.168.1.137:8080
INFO:werkzeug:[33mPress CTRL+C to quit[0m
INFO:werkzeug: * Restarting with stat
INFO:logger:
---------------------------------------------------------------
API v1.0 online: http://localhost:8080/cloud-query/


WARNING:werkzeug: * Debugger is active!
INFO:werkzeug: * Debugger PIN: 105-872-535
INFO:logger:###              DEMO: POST /schedule             ###
INFO:logger:---- new schedule  ----
DEBUG:logger:payload: {'id': 1, 'exp': 1733069396.3710191}
INFO:werkzeug:127.0.0.1 - - [01/Dec/2024 15:16:02] "[35m[1mPOST /cloud-query/schedule HTTP/1.1[0m" 500 -
INFO:logger:
---------------------------------------------------------------
API v1.0 online: http://localhost:8080/cloud-query/


INFO:werkzeug:[31m[1mWARNING: This is a development server. Do not use it in a production deployment. Use a production WSGI server instead.[0m
 * Running on all addresses (0.0.0.0)
 * Running on http://127.0.0.1:8080
 * Running on http://192.168.1.137:8080
INFO:werkzeug:[33mPress CTRL+C to quit[0m
INFO:werkzeug: * Restarting with stat
INFO:logger:
---------------------------------------------------------------
API v1.0 online: http://localhost:8080/cloud-query/


WARNING:werkzeug: * Debugger is active!
INFO:werkzeug: * Debugger PIN: 105-872-535
INFO:logger:###              DEMO: POST /schedule             ###
INFO:logger:---- new schedule  ----
DEBUG:logger:payload: {'id': 1, 'exp': 1733069396.3710191}
INFO:werkzeug:127.0.0.1 - - [01/Dec/2024 15:20:30] "[35m[1mPOST /cloud-query/schedule HTTP/1.1[0m" 500 -
INFO:logger:
---------------------------------------------------------------
API v1.0 online: http://localhost:8080/cloud-query/


INFO:werkzeug:[31m[1mWARNING: This is a development server. Do not use it in a production deployment. Use a production WSGI server instead.[0m
 * Running on all addresses (0.0.0.0)
 * Running on http://127.0.0.1:8080
 * Running on http://192.168.1.137:8080
INFO:werkzeug:[33mPress CTRL+C to quit[0m
INFO:werkzeug: * Restarting with stat
INFO:logger:
---------------------------------------------------------------
API v1.0 online: http://localhost:8080/cloud-query/


WARNING:werkzeug: * Debugger is active!
INFO:werkzeug: * Debugger PIN: 105-872-535
INFO:logger:
---------------------------------------------------------------
API v1.0 online: http://localhost:8080/cloud-query/


INFO:werkzeug:[31m[1mWARNING: This is a development server. Do not use it in a production deployment. Use a production WSGI server instead.[0m
 * Running on all addresses (0.0.0.0)
 * Running on http://127.0.0.1:8080
 * Running on http://192.168.1.137:8080
INFO:werkzeug:[33mPress CTRL+C to quit[0m
INFO:werkzeug: * Restarting with stat
INFO:logger:
---------------------------------------------------------------
API v1.0 online: http://localhost:8080/cloud-query/


WARNING:werkzeug: * Debugger is active!
INFO:werkzeug: * Debugger PIN: 105-872-535
INFO:logger:###              DEMO: POST /schedule             ###
INFO:logger:---- new schedule  ----
DEBUG:logger:payload: {'id': 1, 'exp': 1733069396.3710191}
INFO:werkzeug:127.0.0.1 - - [01/Dec/2024 15:21:37] "[35m[1mPOST /cloud-query/schedule HTTP/1.1[0m" 500 -
INFO:logger:
---------------------------------------------------------------
API v1.0 online: http://localhost:8080/cloud-query/


INFO:werkzeug:[31m[1mWARNING: This is a development server. Do not use it in a production deployment. Use a production WSGI server instead.[0m
 * Running on all addresses (0.0.0.0)
 * Running on http://127.0.0.1:8080
 * Running on http://192.168.1.137:8080
INFO:werkzeug:[33mPress CTRL+C to quit[0m
INFO:werkzeug: * Restarting with stat
INFO:logger:
---------------------------------------------------------------
API v1.0 online: http://localhost:8080/cloud-query/


WARNING:werkzeug: * Debugger is active!
INFO:werkzeug: * Debugger PIN: 105-872-535
INFO:logger:###              DEMO: POST /schedule             ###
INFO:logger:---- new schedule  ----
DEBUG:logger:payload: {'id': 1, 'exp': 1733069396.3710191}
INFO:werkzeug:127.0.0.1 - - [01/Dec/2024 15:22:34] "[35m[1mPOST /cloud-query/schedule HTTP/1.1[0m" 500 -
INFO:logger:
---------------------------------------------------------------
API v1.0 online: http://localhost:8080/cloud-query/


INFO:werkzeug:[31m[1mWARNING: This is a development server. Do not use it in a production deployment. Use a production WSGI server instead.[0m
 * Running on all addresses (0.0.0.0)
 * Running on http://127.0.0.1:8080
 * Running on http://192.168.1.137:8080
INFO:werkzeug:[33mPress CTRL+C to quit[0m
INFO:werkzeug: * Restarting with stat
INFO:logger:
---------------------------------------------------------------
API v1.0 online: http://localhost:8080/cloud-query/


WARNING:werkzeug: * Debugger is active!
INFO:werkzeug: * Debugger PIN: 105-872-535
INFO:logger:###              DEMO: POST /schedule             ###
INFO:logger:---- new schedule  ----
DEBUG:logger:payload: {'id': 1, 'exp': 1733069396.3710191}
INFO:werkzeug:127.0.0.1 - - [01/Dec/2024 15:23:03] "[35m[1mPOST /cloud-query/schedule HTTP/1.1[0m" 500 -
INFO:logger:
---------------------------------------------------------------
API v1.0 online: http://localhost:8080/cloud-query/


INFO:werkzeug:[31m[1mWARNING: This is a development server. Do not use it in a production deployment. Use a production WSGI server instead.[0m
 * Running on all addresses (0.0.0.0)
 * Running on http://127.0.0.1:8080
 * Running on http://192.168.1.137:8080
INFO:werkzeug:[33mPress CTRL+C to quit[0m
INFO:werkzeug: * Restarting with stat
INFO:logger:
---------------------------------------------------------------
API v1.0 online: http://localhost:8080/cloud-query/


WARNING:werkzeug: * Debugger is active!
INFO:werkzeug: * Debugger PIN: 105-872-535
INFO:logger:###              DEMO: POST /schedule             ###
INFO:logger:---- new schedule  ----
DEBUG:logger:payload: {'id': 1, 'exp': 1733069396.3710191}
INFO:werkzeug:127.0.0.1 - - [01/Dec/2024 15:23:35] "[35m[1mPOST /cloud-query/schedule HTTP/1.1[0m" 500 -
INFO:logger:
---------------------------------------------------------------
API v1.0 online: http://localhost:8080/cloud-query/


INFO:werkzeug:[31m[1mWARNING: This is a development server. Do not use it in a production deployment. Use a production WSGI server instead.[0m
 * Running on all addresses (0.0.0.0)
 * Running on http://127.0.0.1:8080
 * Running on http://192.168.1.137:8080
INFO:werkzeug:[33mPress CTRL+C to quit[0m
INFO:werkzeug: * Restarting with stat
INFO:logger:
---------------------------------------------------------------
API v1.0 online: http://localhost:8080/cloud-query/


WARNING:werkzeug: * Debugger is active!
INFO:werkzeug: * Debugger PIN: 105-872-535
INFO:logger:###              DEMO: POST /schedule             ###
INFO:logger:---- new schedule  ----
DEBUG:logger:payload: {'id': 1, 'exp': 1733069396.3710191}
INFO:werkzeug:127.0.0.1 - - [01/Dec/2024 15:23:54] "[35m[1mPOST /cloud-query/schedule HTTP/1.1[0m" 500 -
INFO:logger:
---------------------------------------------------------------
API v1.0 online: http://localhost:8080/cloud-query/


INFO:werkzeug:[31m[1mWARNING: This is a development server. Do not use it in a production deployment. Use a production WSGI server instead.[0m
 * Running on all addresses (0.0.0.0)
 * Running on http://127.0.0.1:8080
 * Running on http://192.168.1.137:8080
INFO:werkzeug:[33mPress CTRL+C to quit[0m
INFO:werkzeug: * Restarting with stat
INFO:logger:
---------------------------------------------------------------
API v1.0 online: http://localhost:8080/cloud-query/


WARNING:werkzeug: * Debugger is active!
INFO:werkzeug: * Debugger PIN: 105-872-535
INFO:logger:###              DEMO: POST /schedule             ###
INFO:logger:---- new schedule  ----
DEBUG:logger:payload: {'id': 1, 'exp': 1733069396.3710191}
INFO:werkzeug:127.0.0.1 - - [01/Dec/2024 15:24:17] "[35m[1mPOST /cloud-query/schedule HTTP/1.1[0m" 500 -
INFO:werkzeug: * Detected change in '/Users/francisca_mateus/Desktop/Universidade/2º Ano/1º Semestre/SGD/Projeto/Cloud-Query/python/app/cloud_query.py', reloading
INFO:werkzeug: * Restarting with stat
INFO:logger:
---------------------------------------------------------------
API v1.0 online: http://localhost:8080/cloud-query/


WARNING:werkzeug: * Debugger is active!
INFO:werkzeug: * Debugger PIN: 105-872-535
INFO:logger:###              DEMO: POST /schedule             ###
INFO:logger:---- new schedule  ----
DEBUG:logger:payload: {'id': 1, 'exp': 1733069396.3710191}
INFO:werkzeug:127.0.0.1 - - [01/Dec/2024 15:26:58] "[35m[1mPOST /cloud-query/schedule HTTP/1.1[0m" 500 -
INFO:logger:
---------------------------------------------------------------
API v1.0 online: http://localhost:8080/cloud-query/


INFO:werkzeug:[31m[1mWARNING: This is a development server. Do not use it in a production deployment. Use a production WSGI server instead.[0m
 * Running on all addresses (0.0.0.0)
 * Running on http://127.0.0.1:8080
 * Running on http://192.168.1.137:8080
INFO:werkzeug:[33mPress CTRL+C to quit[0m
INFO:werkzeug: * Restarting with stat
INFO:logger:
---------------------------------------------------------------
API v1.0 online: http://localhost:8080/cloud-query/


WARNING:werkzeug: * Debugger is active!
INFO:werkzeug: * Debugger PIN: 105-872-535
INFO:logger:
---------------------------------------------------------------
API v1.0 online: http://localhost:8080/cloud-query/


INFO:werkzeug:[31m[1mWARNING: This is a development server. Do not use it in a production deployment. Use a production WSGI server instead.[0m
 * Running on all addresses (0.0.0.0)
 * Running on http://127.0.0.1:8080
 * Running on http://192.168.1.137:8080
INFO:werkzeug:[33mPress CTRL+C to quit[0m
INFO:werkzeug: * Restarting with stat
INFO:logger:
---------------------------------------------------------------
API v1.0 online: http://localhost:8080/cloud-query/


WARNING:werkzeug: * Debugger is active!
INFO:werkzeug: * Debugger PIN: 105-872-535
INFO:logger:###              DEMO: POST /schedule             ###
INFO:logger:---- new schedule  ----
DEBUG:logger:payload: {'id': 1, 'exp': 1733069396.3710191}
INFO:werkzeug:127.0.0.1 - - [01/Dec/2024 15:32:17] "[35m[1mPOST /cloud-query/schedule HTTP/1.1[0m" 500 -
INFO:logger:###              DEMO: POST /schedule             ###
INFO:logger:---- new schedule  ----
DEBUG:logger:payload: {'id': 1, 'exp': 1733069396.3710191}
INFO:werkzeug:127.0.0.1 - - [01/Dec/2024 15:34:30] "[35m[1mPOST /cloud-query/schedule HTTP/1.1[0m" 500 -
INFO:logger:
---------------------------------------------------------------
API v1.0 online: http://localhost:8080/cloud-query/


INFO:werkzeug:[31m[1mWARNING: This is a development server. Do not use it in a production deployment. Use a production WSGI server instead.[0m
 * Running on all addresses (0.0.0.0)
 * Running on http://127.0.0.1:8080
 * Running on http://192.168.1.137:8080
INFO:werkzeug:[33mPress CTRL+C to quit[0m
INFO:werkzeug: * Restarting with stat
INFO:logger:
---------------------------------------------------------------
API v1.0 online: http://localhost:8080/cloud-query/


WARNING:werkzeug: * Debugger is active!
INFO:werkzeug: * Debugger PIN: 105-872-535
INFO:logger:###              DEMO: POST /schedule             ###
INFO:logger:---- new schedule  ----
DEBUG:logger:payload: {'id': 1, 'exp': 1733069396.3710191}
INFO:werkzeug:127.0.0.1 - - [01/Dec/2024 15:35:49] "[35m[1mPOST /cloud-query/schedule HTTP/1.1[0m" 500 -
INFO:logger:###              DEMO: POST /schedule             ###
INFO:logger:---- new schedule  ----
DEBUG:logger:payload: {'id': 1, 'exp': 1733069396.3710191}
INFO:logger:###              DEMO: POST /schedule             ###
INFO:logger:---- new schedule  ----
DEBUG:logger:payload: {'id': 1, 'exp': 1733069396.3710191}
INFO:logger:
---------------------------------------------------------------
API v1.0 online: http://localhost:8080/cloud-query/


INFO:werkzeug:[31m[1mWARNING: This is a development server. Do not use it in a production deployment. Use a production WSGI server instead.[0m
 * Running on all addresses (0.0.0.0)
 * Running on http://127.0.0.1:8080
 * Running on http://192.168.1.137:8080
INFO:werkzeug:[33mPress CTRL+C to quit[0m
INFO:werkzeug: * Restarting with stat
INFO:logger:
---------------------------------------------------------------
API v1.0 online: http://localhost:8080/cloud-query/


WARNING:werkzeug: * Debugger is active!
INFO:werkzeug: * Debugger PIN: 105-872-535
INFO:logger:###              DEMO: POST /schedule             ###
INFO:logger:---- new schedule  ----
DEBUG:logger:payload: {'id': 1, 'exp': 1733069396.3710191}
INFO:werkzeug:127.0.0.1 - - [01/Dec/2024 15:40:20] "POST /cloud-query/schedule HTTP/1.1" 200 -
INFO:werkzeug: * Detected change in '/Users/francisca_mateus/Desktop/Universidade/2º Ano/1º Semestre/SGD/Projeto/Cloud-Query/python/app/cloud_query.py', reloading
INFO:werkzeug: * Restarting with stat
INFO:logger:
---------------------------------------------------------------
API v1.0 online: http://localhost:8080/cloud-query/


WARNING:werkzeug: * Debugger is active!
INFO:werkzeug: * Debugger PIN: 105-872-535
INFO:logger:
---------------------------------------------------------------
API v1.0 online: http://localhost:8080/cloud-query/


INFO:werkzeug:[31m[1mWARNING: This is a development server. Do not use it in a production deployment. Use a production WSGI server instead.[0m
 * Running on all addresses (0.0.0.0)
 * Running on http://127.0.0.1:8080
 * Running on http://192.168.1.137:8080
INFO:werkzeug:[33mPress CTRL+C to quit[0m
INFO:werkzeug: * Restarting with stat
INFO:logger:
---------------------------------------------------------------
API v1.0 online: http://localhost:8080/cloud-query/


WARNING:werkzeug: * Debugger is active!
INFO:werkzeug: * Debugger PIN: 105-872-535
INFO:logger:
---------------------------------------------------------------
API v1.0 online: http://localhost:8080/cloud-query/


INFO:werkzeug:[31m[1mWARNING: This is a development server. Do not use it in a production deployment. Use a production WSGI server instead.[0m
 * Running on all addresses (0.0.0.0)
 * Running on http://127.0.0.1:8080
 * Running on http://192.168.1.137:8080
INFO:werkzeug:[33mPress CTRL+C to quit[0m
INFO:werkzeug: * Restarting with stat
INFO:logger:
---------------------------------------------------------------
API v1.0 online: http://localhost:8080/cloud-query/


WARNING:werkzeug: * Debugger is active!
INFO:werkzeug: * Debugger PIN: 105-872-535
INFO:werkzeug: * Detected change in '/Users/francisca_mateus/Desktop/Universidade/2º Ano/1º Semestre/SGD/Projeto/Cloud-Query/python/app/cloud_query.py', reloading
INFO:werkzeug: * Restarting with stat
INFO:logger:
---------------------------------------------------------------
API v1.0 online: http://localhost:8080/cloud-query/


WARNING:werkzeug: * Debugger is active!
INFO:werkzeug: * Debugger PIN: 105-872-535
INFO:logger:
---------------------------------------------------------------
API v1.0 online: http://localhost:8080/cloud-query/


INFO:werkzeug:[31m[1mWARNING: This is a development server. Do not use it in a production deployment. Use a production WSGI server instead.[0m
 * Running on all addresses (0.0.0.0)
 * Running on http://127.0.0.1:8080
 * Running on http://192.168.1.137:8080
INFO:werkzeug:[33mPress CTRL+C to quit[0m
INFO:werkzeug: * Restarting with stat
INFO:logger:
---------------------------------------------------------------
API v1.0 online: http://localhost:8080/cloud-query/


WARNING:werkzeug: * Debugger is active!
INFO:werkzeug: * Debugger PIN: 105-872-535
INFO:logger:###              DEMO: GET /all_routes            ###
INFO:werkzeug:127.0.0.1 - - [01/Dec/2024 16:47:37] "[35m[1mGET /cloud-query/all_routes HTTP/1.1[0m" 500 -
INFO:logger:
---------------------------------------------------------------
API v1.0 online: http://localhost:8080/cloud-query/


INFO:werkzeug:[31m[1mWARNING: This is a development server. Do not use it in a production deployment. Use a production WSGI server instead.[0m
 * Running on all addresses (0.0.0.0)
 * Running on http://127.0.0.1:8080
 * Running on http://192.168.1.137:8080
INFO:werkzeug:[33mPress CTRL+C to quit[0m
INFO:werkzeug: * Restarting with stat
INFO:logger:
---------------------------------------------------------------
API v1.0 online: http://localhost:8080/cloud-query/


WARNING:werkzeug: * Debugger is active!
INFO:werkzeug: * Debugger PIN: 105-872-535
INFO:logger:###              DEMO: GET /all_routes            ###
INFO:werkzeug:127.0.0.1 - - [01/Dec/2024 16:48:14] "[35m[1mGET /cloud-query/all_routes HTTP/1.1[0m" 500 -
INFO:logger:
---------------------------------------------------------------
API v1.0 online: http://localhost:8080/cloud-query/


INFO:werkzeug:[31m[1mWARNING: This is a development server. Do not use it in a production deployment. Use a production WSGI server instead.[0m
 * Running on all addresses (0.0.0.0)
 * Running on http://127.0.0.1:8080
 * Running on http://192.168.1.137:8080
INFO:werkzeug:[33mPress CTRL+C to quit[0m
INFO:werkzeug: * Restarting with stat
INFO:logger:
---------------------------------------------------------------
API v1.0 online: http://localhost:8080/cloud-query/


WARNING:werkzeug: * Debugger is active!
INFO:werkzeug: * Debugger PIN: 105-872-535
INFO:logger:###              DEMO: GET /all_routes            ###
INFO:werkzeug:127.0.0.1 - - [01/Dec/2024 16:50:49] "[35m[1mGET /cloud-query/all_routes HTTP/1.1[0m" 500 -
INFO:logger:
---------------------------------------------------------------
API v1.0 online: http://localhost:8080/cloud-query/


INFO:werkzeug:[31m[1mWARNING: This is a development server. Do not use it in a production deployment. Use a production WSGI server instead.[0m
 * Running on all addresses (0.0.0.0)
 * Running on http://127.0.0.1:8080
 * Running on http://192.168.1.137:8080
INFO:werkzeug:[33mPress CTRL+C to quit[0m
INFO:werkzeug: * Restarting with stat
INFO:logger:
---------------------------------------------------------------
API v1.0 online: http://localhost:8080/cloud-query/


WARNING:werkzeug: * Debugger is active!
INFO:werkzeug: * Debugger PIN: 105-872-535
INFO:logger:###              DEMO: GET /all_routes            ###
INFO:werkzeug:127.0.0.1 - - [01/Dec/2024 16:54:51] "[35m[1mGET /cloud-query/all_routes HTTP/1.1[0m" 500 -
INFO:logger:
---------------------------------------------------------------
API v1.0 online: http://localhost:8080/cloud-query/


INFO:werkzeug:[31m[1mWARNING: This is a development server. Do not use it in a production deployment. Use a production WSGI server instead.[0m
 * Running on all addresses (0.0.0.0)
 * Running on http://127.0.0.1:8080
 * Running on http://192.168.1.137:8080
INFO:werkzeug:[33mPress CTRL+C to quit[0m
INFO:werkzeug: * Restarting with stat
INFO:logger:
---------------------------------------------------------------
API v1.0 online: http://localhost:8080/cloud-query/


WARNING:werkzeug: * Debugger is active!
INFO:werkzeug: * Debugger PIN: 105-872-535
INFO:logger:###              DEMO: GET /all_routes            ###
INFO:werkzeug:127.0.0.1 - - [01/Dec/2024 16:55:59] "[35m[1mGET /cloud-query/all_routes HTTP/1.1[0m" 500 -
INFO:logger:
---------------------------------------------------------------
API v1.0 online: http://localhost:8080/cloud-query/


INFO:werkzeug:[31m[1mWARNING: This is a development server. Do not use it in a production deployment. Use a production WSGI server instead.[0m
 * Running on all addresses (0.0.0.0)
 * Running on http://127.0.0.1:8080
 * Running on http://192.168.1.137:8080
INFO:werkzeug:[33mPress CTRL+C to quit[0m
INFO:werkzeug: * Restarting with stat
INFO:logger:
---------------------------------------------------------------
API v1.0 online: http://localhost:8080/cloud-query/


WARNING:werkzeug: * Debugger is active!
INFO:werkzeug: * Debugger PIN: 105-872-535
INFO:logger:###              DEMO: GET /all_routes            ###
INFO:werkzeug:127.0.0.1 - - [01/Dec/2024 16:58:55] "[35m[1mGET /cloud-query/all_routes HTTP/1.1[0m" 500 -
INFO:logger:
---------------------------------------------------------------
API v1.0 online: http://localhost:8080/cloud-query/


INFO:werkzeug:[31m[1mWARNING: This is a development server. Do not use it in a production deployment. Use a production WSGI server instead.[0m
 * Running on all addresses (0.0.0.0)
 * Running on http://127.0.0.1:8080
 * Running on http://192.168.1.137:8080
INFO:werkzeug:[33mPress CTRL+C to quit[0m
INFO:werkzeug: * Restarting with stat
INFO:logger:
---------------------------------------------------------------
API v1.0 online: http://localhost:8080/cloud-query/


WARNING:werkzeug: * Debugger is active!
INFO:werkzeug: * Debugger PIN: 105-872-535
INFO:logger:###              DEMO: GET /all_routes            ###
INFO:werkzeug:127.0.0.1 - - [01/Dec/2024 17:01:08] "[35m[1mGET /cloud-query/all_routes HTTP/1.1[0m" 500 -
INFO:logger:
---------------------------------------------------------------
API v1.0 online: http://localhost:8080/cloud-query/


INFO:werkzeug:[31m[1mWARNING: This is a development server. Do not use it in a production deployment. Use a production WSGI server instead.[0m
 * Running on all addresses (0.0.0.0)
 * Running on http://127.0.0.1:8080
 * Running on http://192.168.1.137:8080
INFO:werkzeug:[33mPress CTRL+C to quit[0m
INFO:werkzeug: * Restarting with stat
INFO:logger:
---------------------------------------------------------------
API v1.0 online: http://localhost:8080/cloud-query/


WARNING:werkzeug: * Debugger is active!
INFO:werkzeug: * Debugger PIN: 105-872-535
INFO:logger:###              DEMO: GET /all_routes            ###
INFO:werkzeug:127.0.0.1 - - [01/Dec/2024 17:03:33] "GET /cloud-query/all_routes HTTP/1.1" 200 -
INFO:logger:
---------------------------------------------------------------
API v1.0 online: http://localhost:8080/cloud-query/


INFO:werkzeug:[31m[1mWARNING: This is a development server. Do not use it in a production deployment. Use a production WSGI server instead.[0m
 * Running on all addresses (0.0.0.0)
 * Running on http://127.0.0.1:8080
 * Running on http://192.168.1.137:8080
INFO:werkzeug:[33mPress CTRL+C to quit[0m
INFO:werkzeug: * Restarting with stat
INFO:logger:
---------------------------------------------------------------
API v1.0 online: http://localhost:8080/cloud-query/


WARNING:werkzeug: * Debugger is active!
INFO:werkzeug: * Debugger PIN: 105-872-535
INFO:logger:###              DEMO: GET /all_routes            ###
INFO:werkzeug:127.0.0.1 - - [01/Dec/2024 17:05:58] "GET /cloud-query/all_routes HTTP/1.1" 200 -
INFO:werkzeug: * Detected change in '/Users/francisca_mateus/Desktop/Universidade/2º Ano/1º Semestre/SGD/Projeto/Cloud-Query/python/app/cloud_query.py', reloading
INFO:werkzeug: * Restarting with stat
INFO:logger:
---------------------------------------------------------------
API v1.0 online: http://localhost:8080/cloud-query/


WARNING:werkzeug: * Debugger is active!
INFO:werkzeug: * Debugger PIN: 105-872-535
INFO:logger:###              DEMO: GET /all_routes            ###
INFO:werkzeug:127.0.0.1 - - [01/Dec/2024 17:10:47] "GET /cloud-query/all_routes/origin HTTP/1.1" 200 -
INFO:werkzeug: * Detected change in '/Users/francisca_mateus/Desktop/Universidade/2º Ano/1º Semestre/SGD/Projeto/Cloud-Query/python/app/cloud_query.py', reloading
INFO:werkzeug: * Restarting with stat
INFO:logger:
---------------------------------------------------------------
API v1.0 online: http://localhost:8080/cloud-query/


INFO:werkzeug:[31m[1mWARNING: This is a development server. Do not use it in a production deployment. Use a production WSGI server instead.[0m
 * Running on all addresses (0.0.0.0)
 * Running on http://127.0.0.1:8080
 * Running on http://192.168.1.137:8080
INFO:werkzeug:[33mPress CTRL+C to quit[0m
INFO:werkzeug: * Restarting with stat
INFO:logger:
---------------------------------------------------------------
API v1.0 online: http://localhost:8080/cloud-query/


WARNING:werkzeug: * Debugger is active!
INFO:werkzeug: * Debugger PIN: 105-872-535
INFO:logger:
---------------------------------------------------------------
API v1.0 online: http://localhost:8080/cloud-query/


INFO:werkzeug:[31m[1mWARNING: This is a development server. Do not use it in a production deployment. Use a production WSGI server instead.[0m
 * Running on all addresses (0.0.0.0)
 * Running on http://127.0.0.1:8080
 * Running on http://192.168.1.137:8080
INFO:werkzeug:[33mPress CTRL+C to quit[0m
INFO:werkzeug: * Restarting with stat
INFO:logger:
---------------------------------------------------------------
API v1.0 online: http://localhost:8080/cloud-query/


WARNING:werkzeug: * Debugger is active!
INFO:werkzeug: * Debugger PIN: 105-872-535
INFO:werkzeug: * Detected change in '/Users/francisca_mateus/Desktop/Universidade/2º Ano/1º Semestre/SGD/Projeto/Cloud-Query/python/app/cloud_query.py', reloading
INFO:werkzeug: * Restarting with stat
INFO:logger:
---------------------------------------------------------------
API v1.0 online: http://localhost:8080/cloud-query/


WARNING:werkzeug: * Debugger is active!
INFO:werkzeug: * Debugger PIN: 105-872-535
INFO:werkzeug: * Detected change in '/Users/francisca_mateus/Desktop/Universidade/2º Ano/1º Semestre/SGD/Projeto/Cloud-Query/python/app/cloud_query.py', reloading
INFO:werkzeug: * Restarting with stat
INFO:logger:
---------------------------------------------------------------
API v1.0 online: http://localhost:8080/cloud-query/


WARNING:werkzeug: * Debugger is active!
INFO:werkzeug: * Debugger PIN: 105-872-535
INFO:logger:###              DEMO: GET /check_seats           ###
INFO:werkzeug:127.0.0.1 - - [02/Dec/2024 10:54:59] "[35m[1mGET /cloud-query/seats HTTP/1.1[0m" 500 -
INFO:logger:
---------------------------------------------------------------
API v1.0 online: http://localhost:8080/cloud-query/


INFO:werkzeug:[31m[1mWARNING: This is a development server. Do not use it in a production deployment. Use a production WSGI server instead.[0m
 * Running on all addresses (0.0.0.0)
 * Running on http://127.0.0.1:8080
 * Running on http://192.168.1.137:8080
INFO:werkzeug:[33mPress CTRL+C to quit[0m
INFO:werkzeug: * Restarting with stat
INFO:logger:
---------------------------------------------------------------
API v1.0 online: http://localhost:8080/cloud-query/


WARNING:werkzeug: * Debugger is active!
INFO:werkzeug: * Debugger PIN: 105-872-535
INFO:logger:###              DEMO: GET /check_seats           ###
INFO:werkzeug:127.0.0.1 - - [02/Dec/2024 10:55:36] "[35m[1mGET /cloud-query/seats HTTP/1.1[0m" 500 -
INFO:logger:
---------------------------------------------------------------
API v1.0 online: http://localhost:8080/cloud-query/


INFO:werkzeug:[31m[1mWARNING: This is a development server. Do not use it in a production deployment. Use a production WSGI server instead.[0m
 * Running on all addresses (0.0.0.0)
 * Running on http://127.0.0.1:8080
 * Running on http://192.168.1.137:8080
INFO:werkzeug:[33mPress CTRL+C to quit[0m
INFO:werkzeug: * Restarting with stat
INFO:logger:
---------------------------------------------------------------
API v1.0 online: http://localhost:8080/cloud-query/


WARNING:werkzeug: * Debugger is active!
INFO:werkzeug: * Debugger PIN: 105-872-535
INFO:logger:###              DEMO: GET /check_seats           ###
INFO:werkzeug:127.0.0.1 - - [02/Dec/2024 10:57:21] "GET /cloud-query/seats HTTP/1.1" 200 -
INFO:werkzeug: * Detected change in '/Users/francisca_mateus/Desktop/Universidade/2º Ano/1º Semestre/SGD/Projeto/Cloud-Query/python/app/cloud_query.py', reloading
INFO:werkzeug: * Restarting with stat
INFO:logger:
---------------------------------------------------------------
API v1.0 online: http://localhost:8080/cloud-query/


WARNING:werkzeug: * Debugger is active!
INFO:werkzeug: * Debugger PIN: 105-872-535
INFO:werkzeug: * Detected change in '/Users/francisca_mateus/Desktop/Universidade/2º Ano/1º Semestre/SGD/Projeto/Cloud-Query/python/app/cloud_query.py', reloading
INFO:werkzeug: * Restarting with stat
INFO:logger:
---------------------------------------------------------------
API v1.0 online: http://localhost:8080/cloud-query/


WARNING:werkzeug: * Debugger is active!
INFO:werkzeug: * Debugger PIN: 105-872-535
INFO:werkzeug: * Detected change in '/Users/francisca_mateus/Desktop/Universidade/2º Ano/1º Semestre/SGD/Projeto/Cloud-Query/python/app/cloud_query.py', reloading
INFO:werkzeug: * Restarting with stat
INFO:logger:
---------------------------------------------------------------
API v1.0 online: http://localhost:8080/cloud-query/


WARNING:werkzeug: * Debugger is active!
INFO:werkzeug: * Debugger PIN: 105-872-535
INFO:werkzeug: * Detected change in '/Users/francisca_mateus/Desktop/Universidade/2º Ano/1º Semestre/SGD/Projeto/Cloud-Query/python/app/cloud_query.py', reloading
INFO:werkzeug: * Restarting with stat
INFO:logger:
---------------------------------------------------------------
API v1.0 online: http://localhost:8080/cloud-query/


WARNING:werkzeug: * Debugger is active!
INFO:werkzeug: * Debugger PIN: 105-872-535
INFO:werkzeug: * Detected change in '/Users/francisca_mateus/Desktop/Universidade/2º Ano/1º Semestre/SGD/Projeto/Cloud-Query/python/app/cloud_query.py', reloading
INFO:werkzeug: * Restarting with stat
INFO:logger:
---------------------------------------------------------------
API v1.0 online: http://localhost:8080/cloud-query/


WARNING:werkzeug: * Debugger is active!
INFO:werkzeug: * Debugger PIN: 105-872-535
INFO:werkzeug: * Detected change in '/Users/francisca_mateus/Desktop/Universidade/2º Ano/1º Semestre/SGD/Projeto/Cloud-Query/python/app/cloud_query.py', reloading
INFO:werkzeug: * Restarting with stat
INFO:logger:
---------------------------------------------------------------
API v1.0 online: http://localhost:8080/cloud-query/


WARNING:werkzeug: * Debugger is active!
INFO:werkzeug: * Debugger PIN: 105-872-535
INFO:werkzeug: * Detected change in '/Users/francisca_mateus/Desktop/Universidade/2º Ano/1º Semestre/SGD/Projeto/Cloud-Query/python/app/cloud_query.py', reloading
INFO:werkzeug: * Restarting with stat
INFO:logger:
---------------------------------------------------------------
API v1.0 online: http://localhost:8080/cloud-query/


WARNING:werkzeug: * Debugger is active!
INFO:werkzeug: * Debugger PIN: 105-872-535
INFO:logger:###              DEMO: PUT /users              ###
INFO:werkzeug:127.0.0.1 - - [02/Dec/2024 12:46:27] "PUT /cloud-query/user HTTP/1.1" 200 -
INFO:werkzeug: * Detected change in '/Users/francisca_mateus/Desktop/Universidade/2º Ano/1º Semestre/SGD/Projeto/Cloud-Query/python/app/cloud_query.py', reloading
INFO:werkzeug: * Restarting with stat
INFO:logger:
---------------------------------------------------------------
API v1.0 online: http://localhost:8080/cloud-query/


WARNING:werkzeug: * Debugger is active!
INFO:werkzeug: * Debugger PIN: 105-872-535
INFO:logger:###              DEMO: POST /book_flight             ###
INFO:werkzeug:127.0.0.1 - - [02/Dec/2024 12:56:37] "[35m[1mPOST /cloud-query/book_flight HTTP/1.1[0m" 500 -
INFO:logger:
---------------------------------------------------------------
API v1.0 online: http://localhost:8080/cloud-query/


INFO:werkzeug:[31m[1mWARNING: This is a development server. Do not use it in a production deployment. Use a production WSGI server instead.[0m
 * Running on all addresses (0.0.0.0)
 * Running on http://127.0.0.1:8080
 * Running on http://192.168.1.137:8080
INFO:werkzeug:[33mPress CTRL+C to quit[0m
INFO:werkzeug: * Restarting with stat
INFO:logger:
---------------------------------------------------------------
API v1.0 online: http://localhost:8080/cloud-query/


WARNING:werkzeug: * Debugger is active!
INFO:werkzeug: * Debugger PIN: 105-872-535
INFO:logger:###              DEMO: POST /book_flight             ###
INFO:logger:---- make your booking  ----
DEBUG:logger:payload: {'id': 5, 'exp': 1733147187.849411}
INFO:werkzeug:127.0.0.1 - - [02/Dec/2024 12:57:32] "[31m[1mPOST /cloud-query/book_flight HTTP/1.1[0m" 400 -
INFO:logger:###              DEMO: POST /book_flight             ###
INFO:logger:---- make your booking  ----
DEBUG:logger:payload: {'id': 5, 'exp': 1733147187.849411}
INFO:werkzeug:127.0.0.1 - - [02/Dec/2024 12:58:09] "[31m[1mPOST /cloud-query/book_flight HTTP/1.1[0m" 400 -
INFO:logger:###              DEMO: POST /book_flight             ###
INFO:logger:---- make your booking  ----
DEBUG:logger:payload: {'id': 5, 'exp': 1733147187.849411}
INFO:werkzeug:127.0.0.1 - - [02/Dec/2024 12:58:12] "[31m[1mPOST /cloud-query/book_flight HTTP/1.1[0m" 400 -
INFO:logger:###              DEMO: POST /book_flight             ###
INFO:logger:---- make your booking  ----
DEBUG:logger:payload: {'id': 5, 'exp': 1733147187.849411}
INFO:werkzeug:127.0.0.1 - - [02/Dec/2024 13:02:35] "[31m[1mPOST /cloud-query/book_flight HTTP/1.1[0m" 400 -
INFO:logger:###              DEMO: POST /book_flight             ###
INFO:werkzeug:127.0.0.1 - - [02/Dec/2024 13:04:04] "[31m[1mPOST /cloud-query/book_flight HTTP/1.1[0m" 400 -
INFO:logger:###              DEMO: POST /book_flight             ###
INFO:logger:---- make your booking  ----
DEBUG:logger:payload: {'id': 5, 'exp': 1733147187.849411}
INFO:werkzeug:127.0.0.1 - - [02/Dec/2024 13:04:46] "[31m[1mPOST /cloud-query/book_flight HTTP/1.1[0m" 400 -
INFO:logger:
---------------------------------------------------------------
API v1.0 online: http://localhost:8080/cloud-query/


INFO:werkzeug:[31m[1mWARNING: This is a development server. Do not use it in a production deployment. Use a production WSGI server instead.[0m
 * Running on all addresses (0.0.0.0)
 * Running on http://127.0.0.1:8080
 * Running on http://192.168.1.137:8080
INFO:werkzeug:[33mPress CTRL+C to quit[0m
INFO:werkzeug: * Restarting with stat
INFO:logger:
---------------------------------------------------------------
API v1.0 online: http://localhost:8080/cloud-query/


WARNING:werkzeug: * Debugger is active!
INFO:werkzeug: * Debugger PIN: 105-872-535
INFO:logger:###              DEMO: POST /book_flight             ###
INFO:logger:---- make your booking  ----
DEBUG:logger:payload: {'id': 5, 'exp': 1733147187.849411}
ERROR:logger:tuple index out of range
INFO:werkzeug:127.0.0.1 - - [02/Dec/2024 13:09:01] "[35m[1mPOST /cloud-query/book_flight HTTP/1.1[0m" 500 -
INFO:logger:
---------------------------------------------------------------
API v1.0 online: http://localhost:8080/cloud-query/


INFO:werkzeug:[31m[1mWARNING: This is a development server. Do not use it in a production deployment. Use a production WSGI server instead.[0m
 * Running on all addresses (0.0.0.0)
 * Running on http://127.0.0.1:8080
 * Running on http://192.168.1.137:8080
INFO:werkzeug:[33mPress CTRL+C to quit[0m
INFO:werkzeug: * Restarting with stat
INFO:logger:
---------------------------------------------------------------
API v1.0 online: http://localhost:8080/cloud-query/


WARNING:werkzeug: * Debugger is active!
INFO:werkzeug: * Debugger PIN: 105-872-535
INFO:logger:###              DEMO: POST /book_flight             ###
INFO:logger:---- make your booking  ----
DEBUG:logger:payload: {'id': 5, 'exp': 1733147187.849411}
INFO:werkzeug:127.0.0.1 - - [02/Dec/2024 13:10:10] "[31m[1mPOST /cloud-query/book_flight HTTP/1.1[0m" 400 -
INFO:logger:###              DEMO: POST /book_flight             ###
INFO:logger:---- make your booking  ----
DEBUG:logger:payload: {'id': 5, 'exp': 1733147187.849411}
INFO:werkzeug:127.0.0.1 - - [02/Dec/2024 13:10:17] "[31m[1mPOST /cloud-query/book_flight HTTP/1.1[0m" 400 -
INFO:werkzeug: * Detected change in '/Users/francisca_mateus/Desktop/Universidade/2º Ano/1º Semestre/SGD/Projeto/Cloud-Query/python/app/cloud_query.py', reloading
INFO:werkzeug: * Restarting with stat
INFO:logger:
---------------------------------------------------------------
API v1.0 online: http://localhost:8080/cloud-query/


WARNING:werkzeug: * Debugger is active!
INFO:werkzeug: * Debugger PIN: 105-872-535
INFO:logger:###              DEMO: POST /book_flight             ###
INFO:logger:---- make your booking  ----
DEBUG:logger:payload: {'id': 5, 'exp': 1733147187.849411}
ERROR:logger:tuple index out of range
INFO:werkzeug:127.0.0.1 - - [02/Dec/2024 13:14:08] "[35m[1mPOST /cloud-query/book_flight HTTP/1.1[0m" 500 -
INFO:werkzeug: * Detected change in '/Users/francisca_mateus/Desktop/Universidade/2º Ano/1º Semestre/SGD/Projeto/Cloud-Query/python/app/cloud_query.py', reloading
INFO:werkzeug: * Restarting with stat
INFO:logger:
---------------------------------------------------------------
API v1.0 online: http://localhost:8080/cloud-query/


WARNING:werkzeug: * Debugger is active!
INFO:werkzeug: * Debugger PIN: 105-872-535
INFO:logger:###              DEMO: POST /book_flight             ###
INFO:logger:---- make your booking  ----
DEBUG:logger:payload: {'id': 5, 'exp': 1733147187.849411}
ERROR:logger:tuple index out of range
INFO:werkzeug:127.0.0.1 - - [02/Dec/2024 13:14:48] "[35m[1mPOST /cloud-query/book_flight HTTP/1.1[0m" 500 -
INFO:logger:
---------------------------------------------------------------
API v1.0 online: http://localhost:8080/cloud-query/


INFO:werkzeug:[31m[1mWARNING: This is a development server. Do not use it in a production deployment. Use a production WSGI server instead.[0m
 * Running on all addresses (0.0.0.0)
 * Running on http://127.0.0.1:8080
 * Running on http://192.168.1.137:8080
INFO:werkzeug:[33mPress CTRL+C to quit[0m
INFO:werkzeug: * Restarting with stat
INFO:logger:
---------------------------------------------------------------
API v1.0 online: http://localhost:8080/cloud-query/


WARNING:werkzeug: * Debugger is active!
INFO:werkzeug: * Debugger PIN: 105-872-535
INFO:logger:###              DEMO: POST /book_flight             ###
INFO:logger:---- make your booking  ----
DEBUG:logger:payload: {'id': 5, 'exp': 1733147187.849411}
INFO:werkzeug:127.0.0.1 - - [02/Dec/2024 13:15:58] "POST /cloud-query/book_flight HTTP/1.1" 200 -
INFO:logger:###              DEMO: GET /top_destinations             ###
INFO:werkzeug:127.0.0.1 - - [02/Dec/2024 14:57:23] "[31m[1mGET /cloud-query/top_destinations HTTP/1.1[0m" 415 -
INFO:logger:###              DEMO: GET /top_destinations             ###
INFO:werkzeug:127.0.0.1 - - [02/Dec/2024 14:57:28] "[31m[1mGET /cloud-query/top_destinations HTTP/1.1[0m" 415 -
INFO:logger:###              DEMO: GET /top_destinations             ###
INFO:logger:----  Report with the top N destinations ----
DEBUG:logger:payload: {'top_n_flights': 1}
INFO:werkzeug:127.0.0.1 - - [02/Dec/2024 15:00:08] "[35m[1mGET /cloud-query/top_destinations HTTP/1.1[0m" 500 -
INFO:logger:
---------------------------------------------------------------
API v1.0 online: http://localhost:8080/cloud-query/


INFO:werkzeug:[31m[1mWARNING: This is a development server. Do not use it in a production deployment. Use a production WSGI server instead.[0m
 * Running on all addresses (0.0.0.0)
 * Running on http://127.0.0.1:8080
 * Running on http://192.168.1.137:8080
INFO:werkzeug:[33mPress CTRL+C to quit[0m
INFO:werkzeug: * Restarting with stat
INFO:logger:
---------------------------------------------------------------
API v1.0 online: http://localhost:8080/cloud-query/


WARNING:werkzeug: * Debugger is active!
INFO:werkzeug: * Debugger PIN: 105-872-535
INFO:logger:###              DEMO: GET /top_destinations             ###
INFO:logger:----  Report with the top N destinations ----
DEBUG:logger:payload: {'top_n_flights': 1}
INFO:werkzeug:127.0.0.1 - - [02/Dec/2024 15:03:14] "[35m[1mGET /cloud-query/top_destinations HTTP/1.1[0m" 500 -
INFO:logger:
---------------------------------------------------------------
API v1.0 online: http://localhost:8080/cloud-query/


INFO:werkzeug:[31m[1mWARNING: This is a development server. Do not use it in a production deployment. Use a production WSGI server instead.[0m
 * Running on all addresses (0.0.0.0)
 * Running on http://127.0.0.1:8080
 * Running on http://192.168.1.137:8080
INFO:werkzeug:[33mPress CTRL+C to quit[0m
INFO:werkzeug: * Restarting with stat
INFO:logger:
---------------------------------------------------------------
API v1.0 online: http://localhost:8080/cloud-query/


WARNING:werkzeug: * Debugger is active!
INFO:werkzeug: * Debugger PIN: 105-872-535
INFO:logger:###              DEMO: GET /top_destinations             ###
INFO:logger:----  Report with the top N destinations ----
DEBUG:logger:payload: {'top_n_flights': 1}
INFO:werkzeug:127.0.0.1 - - [02/Dec/2024 15:27:49] "[35m[1mGET /cloud-query/top_destinations HTTP/1.1[0m" 500 -
INFO:logger:
---------------------------------------------------------------
API v1.0 online: http://localhost:8080/cloud-query/


INFO:werkzeug:[31m[1mWARNING: This is a development server. Do not use it in a production deployment. Use a production WSGI server instead.[0m
 * Running on all addresses (0.0.0.0)
 * Running on http://127.0.0.1:8080
 * Running on http://192.168.1.137:8080
INFO:werkzeug:[33mPress CTRL+C to quit[0m
INFO:werkzeug: * Restarting with stat
INFO:logger:
---------------------------------------------------------------
API v1.0 online: http://localhost:8080/cloud-query/


WARNING:werkzeug: * Debugger is active!
INFO:werkzeug: * Debugger PIN: 105-872-535
INFO:logger:###              DEMO: GET /top_destinations             ###
INFO:logger:----  Report with the top N destinations ----
DEBUG:logger:payload: {'top_n_flights': 1}
INFO:werkzeug:127.0.0.1 - - [02/Dec/2024 15:28:09] "[35m[1mGET /cloud-query/top_destinations HTTP/1.1[0m" 500 -
INFO:werkzeug: * Detected change in '/Users/francisca_mateus/Desktop/Universidade/2º Ano/1º Semestre/SGD/Projeto/Cloud-Query/python/app/cloud_query.py', reloading
INFO:werkzeug: * Restarting with stat
INFO:logger:
---------------------------------------------------------------
API v1.0 online: http://localhost:8080/cloud-query/


WARNING:werkzeug: * Debugger is active!
INFO:werkzeug: * Debugger PIN: 105-872-535
INFO:werkzeug: * Detected change in '/Users/francisca_mateus/Desktop/Universidade/2º Ano/1º Semestre/SGD/Projeto/Cloud-Query/python/app/cloud_query.py', reloading
INFO:werkzeug: * Restarting with stat
INFO:logger:
---------------------------------------------------------------
API v1.0 online: http://localhost:8080/cloud-query/


WARNING:werkzeug: * Debugger is active!
INFO:werkzeug: * Debugger PIN: 105-872-535
INFO:werkzeug: * Detected change in '/Users/francisca_mateus/Desktop/Universidade/2º Ano/1º Semestre/SGD/Projeto/Cloud-Query/python/app/cloud_query.py', reloading
INFO:werkzeug: * Restarting with stat
INFO:logger:
---------------------------------------------------------------
API v1.0 online: http://localhost:8080/cloud-query/


WARNING:werkzeug: * Debugger is active!
INFO:werkzeug: * Debugger PIN: 105-872-535
INFO:werkzeug: * Detected change in '/Users/francisca_mateus/Desktop/Universidade/2º Ano/1º Semestre/SGD/Projeto/Cloud-Query/python/app/cloud_query.py', reloading
INFO:werkzeug: * Restarting with stat
INFO:logger:
---------------------------------------------------------------
API v1.0 online: http://localhost:8080/cloud-query/


WARNING:werkzeug: * Debugger is active!
INFO:werkzeug: * Debugger PIN: 105-872-535
INFO:logger:
---------------------------------------------------------------
API v1.0 online: http://localhost:8080/cloud-query/


INFO:werkzeug:[31m[1mWARNING: This is a development server. Do not use it in a production deployment. Use a production WSGI server instead.[0m
 * Running on all addresses (0.0.0.0)
 * Running on http://127.0.0.1:8080
 * Running on http://192.168.1.137:8080
INFO:werkzeug:[33mPress CTRL+C to quit[0m
INFO:werkzeug: * Restarting with stat
INFO:logger:
---------------------------------------------------------------
API v1.0 online: http://localhost:8080/cloud-query/


WARNING:werkzeug: * Debugger is active!
INFO:werkzeug: * Debugger PIN: 105-872-535
INFO:logger:###              DEMO: PUT /users              ###
INFO:werkzeug:127.0.0.1 - - [02/Dec/2024 16:18:47] "PUT /cloud-query/user HTTP/1.1" 200 -
INFO:logger:###              DEMO: GET /info_booking             ###
INFO:werkzeug:127.0.0.1 - - [02/Dec/2024 16:19:18] "[35m[1mGET /cloud-query/info_booking HTTP/1.1[0m" 500 -
INFO:logger:
---------------------------------------------------------------
API v1.0 online: http://localhost:8080/cloud-query/


INFO:werkzeug:[31m[1mWARNING: This is a development server. Do not use it in a production deployment. Use a production WSGI server instead.[0m
 * Running on all addresses (0.0.0.0)
 * Running on http://127.0.0.1:8080
 * Running on http://192.168.1.137:8080
INFO:werkzeug:[33mPress CTRL+C to quit[0m
INFO:werkzeug: * Restarting with stat
INFO:logger:
---------------------------------------------------------------
API v1.0 online: http://localhost:8080/cloud-query/


WARNING:werkzeug: * Debugger is active!
INFO:werkzeug: * Debugger PIN: 105-872-535
INFO:logger:###              DEMO: GET /info_booking             ###
INFO:werkzeug:127.0.0.1 - - [02/Dec/2024 16:20:24] "[35m[1mGET /cloud-query/info_booking HTTP/1.1[0m" 500 -
INFO:logger:
---------------------------------------------------------------
API v1.0 online: http://localhost:8080/cloud-query/


INFO:werkzeug:[31m[1mWARNING: This is a development server. Do not use it in a production deployment. Use a production WSGI server instead.[0m
 * Running on all addresses (0.0.0.0)
 * Running on http://127.0.0.1:8080
 * Running on http://192.168.1.137:8080
INFO:werkzeug:[33mPress CTRL+C to quit[0m
INFO:werkzeug: * Restarting with stat
INFO:logger:
---------------------------------------------------------------
API v1.0 online: http://localhost:8080/cloud-query/


WARNING:werkzeug: * Debugger is active!
INFO:werkzeug: * Debugger PIN: 105-872-535
INFO:logger:###              DEMO: GET /info_booking             ###
INFO:werkzeug:127.0.0.1 - - [02/Dec/2024 16:22:41] "GET /cloud-query/info_booking HTTP/1.1" 200 -
INFO:logger:
---------------------------------------------------------------
API v1.0 online: http://localhost:8080/cloud-query/


INFO:werkzeug:[31m[1mWARNING: This is a development server. Do not use it in a production deployment. Use a production WSGI server instead.[0m
 * Running on all addresses (0.0.0.0)
 * Running on http://127.0.0.1:8080
 * Running on http://192.168.1.137:8080
INFO:werkzeug:[33mPress CTRL+C to quit[0m
INFO:werkzeug: * Restarting with stat
INFO:logger:
---------------------------------------------------------------
API v1.0 online: http://localhost:8080/cloud-query/


WARNING:werkzeug: * Debugger is active!
INFO:werkzeug: * Debugger PIN: 105-872-535
INFO:logger:###              DEMO: GET /info_booking             ###
INFO:werkzeug:127.0.0.1 - - [02/Dec/2024 16:23:55] "GET /cloud-query/info_booking HTTP/1.1" 200 -
INFO:logger:
---------------------------------------------------------------
API v1.0 online: http://localhost:8080/cloud-query/


INFO:werkzeug:[31m[1mWARNING: This is a development server. Do not use it in a production deployment. Use a production WSGI server instead.[0m
 * Running on all addresses (0.0.0.0)
 * Running on http://127.0.0.1:8080
 * Running on http://192.168.1.137:8080
INFO:werkzeug:[33mPress CTRL+C to quit[0m
INFO:werkzeug: * Restarting with stat
INFO:logger:
---------------------------------------------------------------
API v1.0 online: http://localhost:8080/cloud-query/


WARNING:werkzeug: * Debugger is active!
INFO:werkzeug: * Debugger PIN: 105-872-535
INFO:logger:###              DEMO: GET /info_booking             ###
INFO:werkzeug:127.0.0.1 - - [02/Dec/2024 16:27:08] "[35m[1mGET /cloud-query/info_booking HTTP/1.1[0m" 500 -
INFO:logger:
---------------------------------------------------------------
API v1.0 online: http://localhost:8080/cloud-query/


INFO:werkzeug:[31m[1mWARNING: This is a development server. Do not use it in a production deployment. Use a production WSGI server instead.[0m
 * Running on all addresses (0.0.0.0)
 * Running on http://127.0.0.1:8080
 * Running on http://192.168.1.137:8080
INFO:werkzeug:[33mPress CTRL+C to quit[0m
INFO:werkzeug: * Restarting with stat
INFO:logger:
---------------------------------------------------------------
API v1.0 online: http://localhost:8080/cloud-query/


WARNING:werkzeug: * Debugger is active!
INFO:werkzeug: * Debugger PIN: 105-872-535
INFO:logger:###              DEMO: GET /info_booking             ###
INFO:werkzeug:127.0.0.1 - - [02/Dec/2024 16:28:17] "GET /cloud-query/info_booking HTTP/1.1" 200 -
INFO:logger:
---------------------------------------------------------------
API v1.0 online: http://localhost:8080/cloud-query/


INFO:werkzeug:[31m[1mWARNING: This is a development server. Do not use it in a production deployment. Use a production WSGI server instead.[0m
 * Running on all addresses (0.0.0.0)
 * Running on http://127.0.0.1:8080
 * Running on http://192.168.1.137:8080
INFO:werkzeug:[33mPress CTRL+C to quit[0m
INFO:werkzeug: * Restarting with stat
INFO:logger:
---------------------------------------------------------------
API v1.0 online: http://localhost:8080/cloud-query/


WARNING:werkzeug: * Debugger is active!
INFO:werkzeug: * Debugger PIN: 105-872-535
INFO:logger:###              DEMO: GET /info_booking             ###
INFO:werkzeug:127.0.0.1 - - [02/Dec/2024 16:29:48] "GET /cloud-query/info_booking HTTP/1.1" 200 -
INFO:logger:###              DEMO: GET /info_booking             ###
INFO:werkzeug:127.0.0.1 - - [02/Dec/2024 16:29:52] "GET /cloud-query/info_booking HTTP/1.1" 200 -
INFO:logger:
---------------------------------------------------------------
API v1.0 online: http://localhost:8080/cloud-query/


INFO:werkzeug:[31m[1mWARNING: This is a development server. Do not use it in a production deployment. Use a production WSGI server instead.[0m
 * Running on all addresses (0.0.0.0)
 * Running on http://127.0.0.1:8080
 * Running on http://192.168.1.137:8080
INFO:werkzeug:[33mPress CTRL+C to quit[0m
INFO:werkzeug: * Restarting with stat
INFO:logger:
---------------------------------------------------------------
API v1.0 online: http://localhost:8080/cloud-query/


WARNING:werkzeug: * Debugger is active!
INFO:werkzeug: * Debugger PIN: 105-872-535
INFO:logger:###              DEMO: GET /info_booking             ###
INFO:werkzeug:127.0.0.1 - - [02/Dec/2024 16:30:45] "[35m[1mGET /cloud-query/info_booking HTTP/1.1[0m" 500 -
INFO:werkzeug: * Detected change in '/Users/francisca_mateus/Desktop/Universidade/2º Ano/1º Semestre/SGD/Projeto/Cloud-Query/python/app/cloud_query.py', reloading
INFO:werkzeug: * Restarting with stat
INFO:logger:
---------------------------------------------------------------
API v1.0 online: http://localhost:8080/cloud-query/


WARNING:werkzeug: * Debugger is active!
INFO:werkzeug: * Debugger PIN: 105-872-535
INFO:logger:
---------------------------------------------------------------
API v1.0 online: http://localhost:8080/cloud-query/


INFO:werkzeug:[31m[1mWARNING: This is a development server. Do not use it in a production deployment. Use a production WSGI server instead.[0m
 * Running on all addresses (0.0.0.0)
 * Running on http://127.0.0.1:8080
 * Running on http://192.168.1.137:8080
INFO:werkzeug:[33mPress CTRL+C to quit[0m
INFO:werkzeug: * Restarting with stat
INFO:logger:
---------------------------------------------------------------
API v1.0 online: http://localhost:8080/cloud-query/


WARNING:werkzeug: * Debugger is active!
INFO:werkzeug: * Debugger PIN: 105-872-535
INFO:logger:###              DEMO: GET /info_booking             ###
DEBUG:logger:---- departments  ----
DEBUG:logger:('(1,2,201.14,1,2024-12-23)',)
INFO:werkzeug:127.0.0.1 - - [02/Dec/2024 16:33:35] "[35m[1mGET /cloud-query/info_booking HTTP/1.1[0m" 500 -
INFO:logger:
---------------------------------------------------------------
API v1.0 online: http://localhost:8080/cloud-query/


INFO:werkzeug:[31m[1mWARNING: This is a development server. Do not use it in a production deployment. Use a production WSGI server instead.[0m
 * Running on all addresses (0.0.0.0)
 * Running on http://127.0.0.1:8080
 * Running on http://192.168.1.137:8080
INFO:werkzeug:[33mPress CTRL+C to quit[0m
INFO:werkzeug: * Restarting with stat
INFO:logger:
---------------------------------------------------------------
API v1.0 online: http://localhost:8080/cloud-query/


WARNING:werkzeug: * Debugger is active!
INFO:werkzeug: * Debugger PIN: 105-872-535
INFO:logger:###              DEMO: GET /info_booking             ###
DEBUG:logger:---- departments  ----
DEBUG:logger:('(1,2,201.14,1,2024-12-23)',)
INFO:werkzeug:127.0.0.1 - - [02/Dec/2024 16:33:56] "[35m[1mGET /cloud-query/info_booking HTTP/1.1[0m" 500 -
INFO:logger:
---------------------------------------------------------------
API v1.0 online: http://localhost:8080/cloud-query/


INFO:werkzeug:[31m[1mWARNING: This is a development server. Do not use it in a production deployment. Use a production WSGI server instead.[0m
 * Running on all addresses (0.0.0.0)
 * Running on http://127.0.0.1:8080
 * Running on http://192.168.1.137:8080
INFO:werkzeug:[33mPress CTRL+C to quit[0m
INFO:werkzeug: * Restarting with stat
INFO:logger:
---------------------------------------------------------------
API v1.0 online: http://localhost:8080/cloud-query/


WARNING:werkzeug: * Debugger is active!
INFO:werkzeug: * Debugger PIN: 105-872-535
INFO:logger:###              DEMO: GET /info_booking             ###
DEBUG:logger:---- departments  ----
DEBUG:logger:(1, 2, 201.14, 1, datetime.date(2024, 12, 23))
INFO:werkzeug:127.0.0.1 - - [02/Dec/2024 16:34:12] "GET /cloud-query/info_booking HTTP/1.1" 200 -
INFO:logger:
---------------------------------------------------------------
API v1.0 online: http://localhost:8080/cloud-query/


INFO:werkzeug:[31m[1mWARNING: This is a development server. Do not use it in a production deployment. Use a production WSGI server instead.[0m
 * Running on all addresses (0.0.0.0)
 * Running on http://127.0.0.1:8080
 * Running on http://192.168.1.137:8080
INFO:werkzeug:[33mPress CTRL+C to quit[0m
INFO:werkzeug: * Restarting with stat
INFO:logger:
---------------------------------------------------------------
API v1.0 online: http://localhost:8080/cloud-query/


WARNING:werkzeug: * Debugger is active!
INFO:werkzeug: * Debugger PIN: 105-872-535
INFO:logger:###              DEMO: GET /info_booking             ###
INFO:werkzeug:127.0.0.1 - - [02/Dec/2024 16:34:49] "GET /cloud-query/info_booking HTTP/1.1" 200 -
INFO:logger:
---------------------------------------------------------------
API v1.0 online: http://localhost:8080/cloud-query/


INFO:werkzeug:[31m[1mWARNING: This is a development server. Do not use it in a production deployment. Use a production WSGI server instead.[0m
 * Running on all addresses (0.0.0.0)
 * Running on http://127.0.0.1:8080
 * Running on http://10.16.0.201:8080
INFO:werkzeug:[33mPress CTRL+C to quit[0m
INFO:werkzeug: * Restarting with stat
INFO:logger:
---------------------------------------------------------------
API v1.0 online: http://localhost:8080/cloud-query/


WARNING:werkzeug: * Debugger is active!
INFO:werkzeug: * Debugger PIN: 105-872-535
INFO:logger:###              DEMO: POST /make_payment             ###
INFO:werkzeug:127.0.0.1 - - [03/Dec/2024 09:42:07] "[31m[1mPOST /cloud-query/make_payment HTTP/1.1[0m" 401 -
INFO:logger:###              DEMO: PUT /users              ###
INFO:werkzeug:127.0.0.1 - - [03/Dec/2024 09:42:14] "PUT /cloud-query/user HTTP/1.1" 200 -
INFO:logger:###              DEMO: POST /make_payment             ###
INFO:logger:---- make new payment  ----
DEBUG:logger:payload: {'id': 5, 'exp': 1733222534.5971358}
INFO:werkzeug:127.0.0.1 - - [03/Dec/2024 09:42:37] "[35m[1mPOST /cloud-query/make_payment HTTP/1.1[0m" 500 -
INFO:logger:
---------------------------------------------------------------
API v1.0 online: http://localhost:8080/cloud-query/


INFO:werkzeug:[31m[1mWARNING: This is a development server. Do not use it in a production deployment. Use a production WSGI server instead.[0m
 * Running on all addresses (0.0.0.0)
 * Running on http://127.0.0.1:8080
 * Running on http://10.16.0.201:8080
INFO:werkzeug:[33mPress CTRL+C to quit[0m
INFO:werkzeug: * Restarting with stat
INFO:logger:
---------------------------------------------------------------
API v1.0 online: http://localhost:8080/cloud-query/


WARNING:werkzeug: * Debugger is active!
INFO:werkzeug: * Debugger PIN: 105-872-535
INFO:logger:###              DEMO: POST /make_payment             ###
INFO:logger:---- make new payment  ----
DEBUG:logger:payload: {'id': 5, 'exp': 1733222534.5971358}
INFO:werkzeug:127.0.0.1 - - [03/Dec/2024 09:43:04] "[35m[1mPOST /cloud-query/make_payment HTTP/1.1[0m" 500 -
INFO:logger:
---------------------------------------------------------------
API v1.0 online: http://localhost:8080/cloud-query/


INFO:werkzeug:[31m[1mWARNING: This is a development server. Do not use it in a production deployment. Use a production WSGI server instead.[0m
 * Running on all addresses (0.0.0.0)
 * Running on http://127.0.0.1:8080
 * Running on http://10.16.0.201:8080
INFO:werkzeug:[33mPress CTRL+C to quit[0m
INFO:werkzeug: * Restarting with stat
INFO:logger:
---------------------------------------------------------------
API v1.0 online: http://localhost:8080/cloud-query/


WARNING:werkzeug: * Debugger is active!
INFO:werkzeug: * Debugger PIN: 105-872-535
INFO:logger:###              DEMO: POST /make_payment             ###
INFO:logger:---- make new payment  ----
DEBUG:logger:payload: {'id': 5, 'exp': 1733222534.5971358}
INFO:werkzeug:127.0.0.1 - - [03/Dec/2024 09:43:24] "[35m[1mPOST /cloud-query/make_payment HTTP/1.1[0m" 500 -
INFO:werkzeug: * Detected change in '/Users/francisca_mateus/Desktop/Universidade/2º Ano/1º Semestre/SGD/Projeto/Cloud-Query/python/app/cloud_query.py', reloading
INFO:werkzeug: * Restarting with stat
INFO:logger:
---------------------------------------------------------------
API v1.0 online: http://localhost:8080/cloud-query/


WARNING:werkzeug: * Debugger is active!
INFO:werkzeug: * Debugger PIN: 105-872-535
INFO:logger:###              DEMO: GET /info_booking             ###
INFO:werkzeug:127.0.0.1 - - [03/Dec/2024 09:47:10] "[31m[1mGET /cloud-query/info_booking HTTP/1.1[0m" 401 -
INFO:logger:###              DEMO: GET /info_booking             ###
INFO:werkzeug:127.0.0.1 - - [03/Dec/2024 09:47:47] "GET /cloud-query/info_booking HTTP/1.1" 200 -
INFO:logger:###              DEMO: POST /make_payment             ###
INFO:logger:---- make new payment  ----
DEBUG:logger:payload: {'id': 5, 'exp': 1733222534.5971358}
INFO:werkzeug:127.0.0.1 - - [03/Dec/2024 09:49:21] "[35m[1mPOST /cloud-query/make_payment HTTP/1.1[0m" 500 -
INFO:werkzeug: * Detected change in '/Users/francisca_mateus/Desktop/Universidade/2º Ano/1º Semestre/SGD/Projeto/Cloud-Query/python/app/cloud_query.py', reloading
INFO:werkzeug: * Restarting with stat
INFO:logger:
---------------------------------------------------------------
API v1.0 online: http://localhost:8080/cloud-query/


WARNING:werkzeug: * Debugger is active!
INFO:werkzeug: * Debugger PIN: 105-872-535
INFO:logger:###              DEMO: POST /make_payment             ###
INFO:logger:---- make new payment  ----
DEBUG:logger:payload: {'id': 5, 'exp': 1733222534.5971358}
ERROR:logger:duplicate key value violates unique constraint "payment_method_pkey"
DETAIL:  Key (payment_payment_id)=(1) already exists.

INFO:werkzeug:127.0.0.1 - - [03/Dec/2024 09:50:37] "[35m[1mPOST /cloud-query/make_payment HTTP/1.1[0m" 500 -
INFO:logger:
---------------------------------------------------------------
API v1.0 online: http://localhost:8080/cloud-query/


INFO:werkzeug:[31m[1mWARNING: This is a development server. Do not use it in a production deployment. Use a production WSGI server instead.[0m
 * Running on all addresses (0.0.0.0)
 * Running on http://127.0.0.1:8080
 * Running on http://10.16.0.201:8080
INFO:werkzeug:[33mPress CTRL+C to quit[0m
INFO:werkzeug: * Restarting with stat
INFO:logger:
---------------------------------------------------------------
API v1.0 online: http://localhost:8080/cloud-query/


WARNING:werkzeug: * Debugger is active!
INFO:werkzeug: * Debugger PIN: 105-872-535
INFO:logger:###              DEMO: POST /make_payment             ###
INFO:logger:---- make new payment  ----
DEBUG:logger:payload: {'id': 5, 'exp': 1733222534.5971358}
ERROR:logger:duplicate key value violates unique constraint "payment_method_pkey"
DETAIL:  Key (payment_payment_id)=(1) already exists.

INFO:werkzeug:127.0.0.1 - - [03/Dec/2024 09:51:14] "[35m[1mPOST /cloud-query/make_payment HTTP/1.1[0m" 500 -
INFO:logger:###              DEMO: POST /make_payment             ###
INFO:logger:---- make new payment  ----
DEBUG:logger:payload: {'id': 5, 'exp': 1733222534.5971358}
ERROR:logger:duplicate key value violates unique constraint "payment_method_pkey"
DETAIL:  Key (payment_payment_id)=(1) already exists.

INFO:werkzeug:127.0.0.1 - - [03/Dec/2024 09:54:29] "[35m[1mPOST /cloud-query/make_payment HTTP/1.1[0m" 500 -
INFO:logger:
---------------------------------------------------------------
API v1.0 online: http://localhost:8080/cloud-query/


INFO:werkzeug:[31m[1mWARNING: This is a development server. Do not use it in a production deployment. Use a production WSGI server instead.[0m
 * Running on all addresses (0.0.0.0)
 * Running on http://127.0.0.1:8080
 * Running on http://10.16.0.201:8080
INFO:werkzeug:[33mPress CTRL+C to quit[0m
INFO:werkzeug: * Restarting with stat
INFO:logger:
---------------------------------------------------------------
API v1.0 online: http://localhost:8080/cloud-query/


WARNING:werkzeug: * Debugger is active!
INFO:werkzeug: * Debugger PIN: 105-872-535
INFO:logger:###              DEMO: POST /make_payment             ###
INFO:logger:---- make new payment  ----
DEBUG:logger:payload: {'id': 5, 'exp': 1733222534.5971358}
ERROR:logger:null value in column "payment_payment_id" of relation "payment_method" violates not-null constraint
DETAIL:  Failing row contains (MBWay, null).

INFO:werkzeug:127.0.0.1 - - [03/Dec/2024 09:55:30] "[35m[1mPOST /cloud-query/make_payment HTTP/1.1[0m" 500 -
INFO:logger:###              DEMO: POST /make_payment             ###
INFO:logger:---- make new payment  ----
DEBUG:logger:payload: {'id': 5, 'exp': 1733222534.5971358}
ERROR:logger:null value in column "payment_payment_id" of relation "payment_method" violates not-null constraint
DETAIL:  Failing row contains (MBWay, null).

INFO:werkzeug:127.0.0.1 - - [03/Dec/2024 09:56:01] "[35m[1mPOST /cloud-query/make_payment HTTP/1.1[0m" 500 -
INFO:logger:
---------------------------------------------------------------
API v1.0 online: http://localhost:8080/cloud-query/


INFO:werkzeug:[31m[1mWARNING: This is a development server. Do not use it in a production deployment. Use a production WSGI server instead.[0m
 * Running on all addresses (0.0.0.0)
 * Running on http://127.0.0.1:8080
 * Running on http://10.16.0.201:8080
INFO:werkzeug:[33mPress CTRL+C to quit[0m
INFO:werkzeug: * Restarting with stat
INFO:logger:
---------------------------------------------------------------
API v1.0 online: http://localhost:8080/cloud-query/


WARNING:werkzeug: * Debugger is active!
INFO:werkzeug: * Debugger PIN: 105-872-535
INFO:logger:###              DEMO: POST /make_payment             ###
INFO:logger:---- make new payment  ----
DEBUG:logger:payload: {'id': 5, 'exp': 1733222534.5971358}
ERROR:logger:null value in column "payment_payment_id" of relation "payment_method" violates not-null constraint
DETAIL:  Failing row contains (MBWay, null).

INFO:werkzeug:127.0.0.1 - - [03/Dec/2024 09:59:39] "[35m[1mPOST /cloud-query/make_payment HTTP/1.1[0m" 500 -
INFO:werkzeug: * Detected change in '/Users/francisca_mateus/Desktop/Universidade/2º Ano/1º Semestre/SGD/Projeto/Cloud-Query/python/app/cloud_query.py', reloading
INFO:werkzeug: * Restarting with stat
INFO:logger:
---------------------------------------------------------------
API v1.0 online: http://localhost:8080/cloud-query/


WARNING:werkzeug: * Debugger is active!
INFO:werkzeug: * Debugger PIN: 105-872-535
INFO:werkzeug: * Detected change in '/Users/francisca_mateus/Desktop/Universidade/2º Ano/1º Semestre/SGD/Projeto/Cloud-Query/python/app/cloud_query.py', reloading
INFO:werkzeug: * Restarting with stat
INFO:logger:
---------------------------------------------------------------
API v1.0 online: http://localhost:8080/cloud-query/


WARNING:werkzeug: * Debugger is active!
INFO:werkzeug: * Debugger PIN: 105-872-535
INFO:logger:
---------------------------------------------------------------
API v1.0 online: http://localhost:8080/cloud-query/


INFO:werkzeug:[31m[1mWARNING: This is a development server. Do not use it in a production deployment. Use a production WSGI server instead.[0m
 * Running on all addresses (0.0.0.0)
 * Running on http://127.0.0.1:8080
 * Running on http://10.16.0.201:8080
INFO:werkzeug:[33mPress CTRL+C to quit[0m
INFO:werkzeug: * Restarting with stat
INFO:logger:
---------------------------------------------------------------
API v1.0 online: http://localhost:8080/cloud-query/


WARNING:werkzeug: * Debugger is active!
INFO:werkzeug: * Debugger PIN: 105-872-535
INFO:logger:###              DEMO: POST /make_payment             ###
INFO:logger:---- make new payment  ----
DEBUG:logger:payload: {'id': 5, 'exp': 1733222534.5971358}
ERROR:logger:not all arguments converted during string formatting
INFO:werkzeug:127.0.0.1 - - [03/Dec/2024 10:08:54] "[35m[1mPOST /cloud-query/make_payment HTTP/1.1[0m" 500 -
INFO:logger:
---------------------------------------------------------------
API v1.0 online: http://localhost:8080/cloud-query/


INFO:werkzeug:[31m[1mWARNING: This is a development server. Do not use it in a production deployment. Use a production WSGI server instead.[0m
 * Running on all addresses (0.0.0.0)
 * Running on http://127.0.0.1:8080
 * Running on http://10.16.0.201:8080
INFO:werkzeug:[33mPress CTRL+C to quit[0m
INFO:werkzeug: * Restarting with stat
INFO:logger:
---------------------------------------------------------------
API v1.0 online: http://localhost:8080/cloud-query/


WARNING:werkzeug: * Debugger is active!
INFO:werkzeug: * Debugger PIN: 105-872-535
INFO:logger:###              DEMO: POST /make_payment             ###
INFO:logger:---- make new payment  ----
DEBUG:logger:payload: {'id': 5, 'exp': 1733222534.5971358}
INFO:werkzeug:127.0.0.1 - - [03/Dec/2024 10:10:02] "[35m[1mPOST /cloud-query/make_payment HTTP/1.1[0m" 500 -
INFO:logger:
---------------------------------------------------------------
API v1.0 online: http://localhost:8080/cloud-query/


INFO:werkzeug:[31m[1mWARNING: This is a development server. Do not use it in a production deployment. Use a production WSGI server instead.[0m
 * Running on all addresses (0.0.0.0)
 * Running on http://127.0.0.1:8080
 * Running on http://10.16.0.201:8080
INFO:werkzeug:[33mPress CTRL+C to quit[0m
INFO:werkzeug: * Restarting with stat
INFO:logger:
---------------------------------------------------------------
API v1.0 online: http://localhost:8080/cloud-query/


WARNING:werkzeug: * Debugger is active!
INFO:werkzeug: * Debugger PIN: 105-872-535
INFO:logger:###              DEMO: POST /make_payment             ###
INFO:logger:---- make new payment  ----
DEBUG:logger:payload: {'id': 5, 'exp': 1733222534.5971358}
INFO:werkzeug:127.0.0.1 - - [03/Dec/2024 10:10:59] "POST /cloud-query/make_payment HTTP/1.1" 200 -
INFO:logger:###              DEMO: POST /make_payment             ###
INFO:logger:---- make new payment  ----
DEBUG:logger:payload: {'id': 5, 'exp': 1733222534.5971358}
INFO:werkzeug:127.0.0.1 - - [03/Dec/2024 10:11:41] "POST /cloud-query/make_payment HTTP/1.1" 200 -
INFO:werkzeug: * Detected change in '/Users/francisca_mateus/Desktop/Universidade/2º Ano/1º Semestre/SGD/Projeto/Cloud-Query/python/app/cloud_query.py', reloading
INFO:werkzeug: * Restarting with stat
INFO:logger:
---------------------------------------------------------------
API v1.0 online: http://localhost:8080/cloud-query/


WARNING:werkzeug: * Debugger is active!
INFO:werkzeug: * Debugger PIN: 105-872-535
INFO:logger:###              DEMO: POST /make_payment             ###
INFO:logger:---- make new payment  ----
DEBUG:logger:payload: {'id': 5, 'exp': 1733222534.5971358}
INFO:werkzeug:127.0.0.1 - - [03/Dec/2024 10:16:06] "[35m[1mPOST /cloud-query/make_payment HTTP/1.1[0m" 500 -
INFO:werkzeug: * Detected change in '/Users/francisca_mateus/Desktop/Universidade/2º Ano/1º Semestre/SGD/Projeto/Cloud-Query/python/app/cloud_query.py', reloading
INFO:werkzeug: * Restarting with stat
INFO:logger:
---------------------------------------------------------------
API v1.0 online: http://localhost:8080/cloud-query/


WARNING:werkzeug: * Debugger is active!
INFO:werkzeug: * Debugger PIN: 105-872-535
INFO:logger:
---------------------------------------------------------------
API v1.0 online: http://localhost:8080/cloud-query/


INFO:werkzeug:[31m[1mWARNING: This is a development server. Do not use it in a production deployment. Use a production WSGI server instead.[0m
 * Running on all addresses (0.0.0.0)
 * Running on http://127.0.0.1:8080
 * Running on http://10.16.0.201:8080
INFO:werkzeug:[33mPress CTRL+C to quit[0m
INFO:werkzeug: * Restarting with stat
INFO:logger:
---------------------------------------------------------------
API v1.0 online: http://localhost:8080/cloud-query/


WARNING:werkzeug: * Debugger is active!
INFO:werkzeug: * Debugger PIN: 105-872-535
INFO:logger:###              DEMO: POST /make_payment             ###
INFO:logger:---- make new payment  ----
DEBUG:logger:payload: {'id': 5, 'exp': 1733222534.5971358}
INFO:werkzeug:127.0.0.1 - - [03/Dec/2024 10:22:14] "[35m[1mPOST /cloud-query/make_payment HTTP/1.1[0m" 500 -
INFO:logger:###              DEMO: GET /financial_data             ###
INFO:werkzeug:127.0.0.1 - - [03/Dec/2024 10:30:18] "[35m[1mGET /cloud-query/financial_data HTTP/1.1[0m" 500 -
INFO:logger:
---------------------------------------------------------------
API v1.0 online: http://localhost:8080/cloud-query/


INFO:werkzeug:[31m[1mWARNING: This is a development server. Do not use it in a production deployment. Use a production WSGI server instead.[0m
 * Running on all addresses (0.0.0.0)
 * Running on http://127.0.0.1:8080
 * Running on http://10.16.0.201:8080
INFO:werkzeug:[33mPress CTRL+C to quit[0m
INFO:werkzeug: * Restarting with stat
INFO:logger:
---------------------------------------------------------------
API v1.0 online: http://localhost:8080/cloud-query/


WARNING:werkzeug: * Debugger is active!
INFO:werkzeug: * Debugger PIN: 105-872-535
INFO:logger:###              DEMO: GET /financial_data             ###
INFO:logger:---- Check financial data for the last year  ----
DEBUG:logger:(1, datetime.date(2024, 12, 23), 110.0, 0.0, 220.0, 330.0)
INFO:werkzeug:127.0.0.1 - - [03/Dec/2024 10:31:00] "GET /cloud-query/financial_data HTTP/1.1" 200 -
INFO:logger:###              DEMO: PUT /users              ###
INFO:werkzeug:127.0.0.1 - - [03/Dec/2024 10:38:03] "PUT /cloud-query/user HTTP/1.1" 200 -
INFO:logger:###              DEMO: POST /flight             ###
INFO:logger:---- new flight  ----
DEBUG:logger:payload: {'id': 1, 'exp': 1733225883.716274}
INFO:werkzeug:127.0.0.1 - - [03/Dec/2024 10:39:04] "POST /cloud-query/flight HTTP/1.1" 200 -
INFO:logger:###              DEMO: POST /schedule             ###
INFO:logger:---- new schedule  ----
DEBUG:logger:payload: {'id': 1, 'exp': 1733225883.716274}
INFO:werkzeug:127.0.0.1 - - [03/Dec/2024 10:39:56] "POST /cloud-query/schedule HTTP/1.1" 200 -
INFO:logger:###              DEMO: PUT /users              ###
INFO:werkzeug:127.0.0.1 - - [03/Dec/2024 10:40:37] "PUT /cloud-query/user HTTP/1.1" 200 -
INFO:logger:###              DEMO: POST /book_flight             ###
INFO:logger:---- make your booking  ----
DEBUG:logger:payload: {'id': 5, 'exp': 1733226037.345949}
INFO:werkzeug:127.0.0.1 - - [03/Dec/2024 10:41:24] "POST /cloud-query/book_flight HTTP/1.1" 200 -
INFO:logger:###              DEMO: POST /make_payment             ###
INFO:logger:---- make new payment  ----
DEBUG:logger:payload: {'id': 5, 'exp': 1733226037.345949}
INFO:werkzeug:127.0.0.1 - - [03/Dec/2024 10:41:45] "POST /cloud-query/make_payment HTTP/1.1" 200 -
INFO:logger:###              DEMO: POST /make_payment             ###
INFO:logger:---- make new payment  ----
DEBUG:logger:payload: {'id': 5, 'exp': 1733226037.345949}
INFO:werkzeug:127.0.0.1 - - [03/Dec/2024 10:42:08] "[35m[1mPOST /cloud-query/make_payment HTTP/1.1[0m" 500 -
INFO:logger:###              DEMO: POST /make_payment             ###
INFO:logger:---- make new payment  ----
DEBUG:logger:payload: {'id': 5, 'exp': 1733226037.345949}
INFO:werkzeug:127.0.0.1 - - [03/Dec/2024 10:42:21] "POST /cloud-query/make_payment HTTP/1.1" 200 -
INFO:logger:###              DEMO: POST /make_payment             ###
INFO:logger:---- make new payment  ----
DEBUG:logger:payload: {'id': 5, 'exp': 1733226037.345949}
INFO:werkzeug:127.0.0.1 - - [03/Dec/2024 10:44:02] "POST /cloud-query/make_payment HTTP/1.1" 200 -
INFO:logger:###              DEMO: GET /financial_data             ###
INFO:logger:---- Check financial data for the last year  ----
DEBUG:logger:(1, datetime.date(2024, 12, 23), 220.0, 0.0, 440.0, 660.0)
DEBUG:logger:(2, datetime.date(2024, 12, 20), 199.56, 0.0, 399.12006, 598.6801)
INFO:werkzeug:127.0.0.1 - - [03/Dec/2024 10:47:30] "GET /cloud-query/financial_data HTTP/1.1" 200 -
INFO:logger:
---------------------------------------------------------------
API v1.0 online: http://localhost:8080/cloud-query/


INFO:werkzeug:[31m[1mWARNING: This is a development server. Do not use it in a production deployment. Use a production WSGI server instead.[0m
 * Running on all addresses (0.0.0.0)
 * Running on http://127.0.0.1:8080
 * Running on http://10.16.0.201:8080
INFO:werkzeug:[33mPress CTRL+C to quit[0m
INFO:werkzeug: * Restarting with stat
INFO:logger:
---------------------------------------------------------------
API v1.0 online: http://localhost:8080/cloud-query/


WARNING:werkzeug: * Debugger is active!
INFO:werkzeug: * Debugger PIN: 105-872-535
INFO:logger:###              DEMO: PUT /users              ###
INFO:werkzeug:127.0.0.1 - - [03/Dec/2024 14:51:27] "PUT /cloud-query/user HTTP/1.1" 200 -
INFO:logger:###              DEMO: POST /admin              ###
INFO:logger:###              DEMO: POST /users              ###
INFO:logger:---- new user  ----
DEBUG:logger:payload: {'username': 'ruben.dias', 'email': 'ruben.dias@admin.pt', 'password': '123ruben'}
INFO:logger:---- new admin  ----
DEBUG:logger:payload: {'username': 'ruben.dias', 'email': 'ruben.dias@admin.pt', 'password': '123ruben'}
INFO:werkzeug:127.0.0.1 - - [03/Dec/2024 14:52:45] "POST /cloud-query/admin HTTP/1.1" 200 -
INFO:werkzeug: * Detected change in '/Users/francisca_mateus/Desktop/Universidade/2º Ano/1º Semestre/SGD/Projeto/Cloud-Query/python/app/cloud_query.py', reloading
INFO:werkzeug: * Restarting with stat
INFO:logger:
---------------------------------------------------------------
API v1.0 online: http://localhost:8080/cloud-query/


WARNING:werkzeug: * Debugger is active!
INFO:werkzeug: * Debugger PIN: 105-872-535
INFO:logger:
---------------------------------------------------------------
API v1.0 online: http://localhost:8080/cloud-query/


INFO:werkzeug:[31m[1mWARNING: This is a development server. Do not use it in a production deployment. Use a production WSGI server instead.[0m
 * Running on all addresses (0.0.0.0)
 * Running on http://127.0.0.1:8080
 * Running on http://10.16.0.201:8080
INFO:werkzeug:[33mPress CTRL+C to quit[0m
INFO:werkzeug: * Restarting with stat
INFO:logger:
---------------------------------------------------------------
API v1.0 online: http://localhost:8080/cloud-query/


WARNING:werkzeug: * Debugger is active!
INFO:werkzeug: * Debugger PIN: 105-872-535
INFO:logger:###              DEMO: POST /crew              ###
INFO:logger:---- new crew  ----
DEBUG:logger:payload: {'id': 1, 'exp': 1733241087.1162088}
INFO:werkzeug:127.0.0.1 - - [03/Dec/2024 15:11:11] "POST /cloud-query/crew HTTP/1.1" 200 -
INFO:logger:
---------------------------------------------------------------
API v1.0 online: http://localhost:8080/cloud-query/


INFO:werkzeug:[31m[1mWARNING: This is a development server. Do not use it in a production deployment. Use a production WSGI server instead.[0m
 * Running on all addresses (0.0.0.0)
 * Running on http://127.0.0.1:8080
 * Running on http://10.16.0.201:8080
INFO:werkzeug:[33mPress CTRL+C to quit[0m
INFO:werkzeug: * Restarting with stat
INFO:logger:
---------------------------------------------------------------
API v1.0 online: http://localhost:8080/cloud-query/


WARNING:werkzeug: * Debugger is active!
INFO:werkzeug: * Debugger PIN: 105-872-535
INFO:logger:###              DEMO: POST /admin              ###
INFO:logger:###              DEMO: POST /users              ###
INFO:logger:---- new user  ----
DEBUG:logger:payload: {'username': 'francisca.mateus', 'email': 'francisca.mateus@admin.pt', 'password': '123francisca'}
INFO:logger:---- new admin  ----
DEBUG:logger:payload: {'username': 'francisca.mateus', 'email': 'francisca.mateus@admin.pt', 'password': '123francisca'}
INFO:werkzeug:127.0.0.1 - - [03/Dec/2024 15:32:08] "POST /cloud-query/admin HTTP/1.1" 200 -
INFO:logger:###              DEMO: POST /admin              ###
INFO:logger:###              DEMO: POST /users              ###
INFO:logger:---- new user  ----
DEBUG:logger:payload: {'username': 'pedro.silva', 'email': 'pedro.silva@admin.pt', 'password': '123pedro'}
INFO:logger:---- new admin  ----
DEBUG:logger:payload: {'username': 'pedro.silva', 'email': 'pedro.silva@admin.pt', 'password': '123pedro'}
INFO:werkzeug:127.0.0.1 - - [03/Dec/2024 15:32:40] "POST /cloud-query/admin HTTP/1.1" 200 -
INFO:logger:###              DEMO: POST /admin              ###
INFO:logger:###              DEMO: POST /users              ###
INFO:logger:---- new user  ----
DEBUG:logger:payload: {'username': 'ramyad.ra', 'email': 'ramyad.ra@admin.pt', 'password': '123ramyad'}
INFO:logger:---- new admin  ----
DEBUG:logger:payload: {'username': 'ramyad.ra', 'email': 'ramyad.ra@admin.pt', 'password': '123ramyad'}
INFO:werkzeug:127.0.0.1 - - [03/Dec/2024 15:32:53] "POST /cloud-query/admin HTTP/1.1" 200 -
INFO:logger:
---------------------------------------------------------------
API v1.0 online: http://localhost:8080/cloud-query/


INFO:werkzeug:[31m[1mWARNING: This is a development server. Do not use it in a production deployment. Use a production WSGI server instead.[0m
 * Running on all addresses (0.0.0.0)
 * Running on http://127.0.0.1:8080
 * Running on http://10.16.0.201:8080
INFO:werkzeug:[33mPress CTRL+C to quit[0m
INFO:werkzeug: * Restarting with stat
INFO:logger:
---------------------------------------------------------------
API v1.0 online: http://localhost:8080/cloud-query/


WARNING:werkzeug: * Debugger is active!
INFO:werkzeug: * Debugger PIN: 105-872-535
INFO:logger:###              DEMO: PUT /users              ###
INFO:werkzeug:127.0.0.1 - - [03/Dec/2024 15:33:40] "PUT /cloud-query/user HTTP/1.1" 200 -
INFO:logger:###              DEMO: POST /airport              ###
INFO:logger:---- new airport  ----
DEBUG:logger:payload: {'id': 1, 'exp': 1733243620.483729}
INFO:werkzeug:127.0.0.1 - - [03/Dec/2024 15:34:20] "POST /cloud-query/airport HTTP/1.1" 200 -
INFO:logger:###              DEMO: POST /airport              ###
INFO:logger:---- new airport  ----
DEBUG:logger:payload: {'id': 1, 'exp': 1733243620.483729}
INFO:werkzeug:127.0.0.1 - - [03/Dec/2024 15:34:44] "POST /cloud-query/airport HTTP/1.1" 200 -
INFO:logger:###              DEMO: POST /flight             ###
INFO:logger:---- new flight  ----
DEBUG:logger:payload: {'id': 1, 'exp': 1733243620.483729}
ERROR:logger:column "departure_time" is of type timestamp without time zone but expression is of type time without time zone
LINE 3:                                       VALUES ('21:00:00'::ti...
                                                      ^
HINT:  You will need to rewrite or cast the expression.

INFO:werkzeug:127.0.0.1 - - [03/Dec/2024 15:35:42] "[35m[1mPOST /cloud-query/flight HTTP/1.1[0m" 500 -
INFO:logger:
---------------------------------------------------------------
API v1.0 online: http://localhost:8080/cloud-query/


INFO:werkzeug:[31m[1mWARNING: This is a development server. Do not use it in a production deployment. Use a production WSGI server instead.[0m
 * Running on all addresses (0.0.0.0)
 * Running on http://127.0.0.1:8080
 * Running on http://10.16.0.201:8080
INFO:werkzeug:[33mPress CTRL+C to quit[0m
INFO:werkzeug: * Restarting with stat
INFO:logger:
---------------------------------------------------------------
API v1.0 online: http://localhost:8080/cloud-query/


WARNING:werkzeug: * Debugger is active!
INFO:werkzeug: * Debugger PIN: 105-872-535
INFO:logger:###              DEMO: POST /flight             ###
INFO:logger:---- new flight  ----
DEBUG:logger:payload: {'id': 1, 'exp': 1733243620.483729}
ERROR:logger:column "departure_time" is of type timestamp without time zone but expression is of type time without time zone
LINE 3:                                       VALUES ('21:00:00'::ti...
                                                      ^
HINT:  You will need to rewrite or cast the expression.

INFO:werkzeug:127.0.0.1 - - [03/Dec/2024 15:39:32] "[35m[1mPOST /cloud-query/flight HTTP/1.1[0m" 500 -
INFO:logger:###              DEMO: POST /flight             ###
INFO:logger:---- new flight  ----
DEBUG:logger:payload: {'id': 1, 'exp': 1733243620.483729}
ERROR:logger:column "departure_time" is of type timestamp without time zone but expression is of type time without time zone
LINE 3:                                       VALUES ('21:00:00'::ti...
                                                      ^
HINT:  You will need to rewrite or cast the expression.

INFO:werkzeug:127.0.0.1 - - [03/Dec/2024 15:42:49] "[35m[1mPOST /cloud-query/flight HTTP/1.1[0m" 500 -
INFO:logger:
---------------------------------------------------------------
API v1.0 online: http://localhost:8080/cloud-query/


INFO:werkzeug:[31m[1mWARNING: This is a development server. Do not use it in a production deployment. Use a production WSGI server instead.[0m
 * Running on all addresses (0.0.0.0)
 * Running on http://127.0.0.1:8080
 * Running on http://10.16.0.201:8080
INFO:werkzeug:[33mPress CTRL+C to quit[0m
INFO:werkzeug: * Restarting with stat
INFO:logger:
---------------------------------------------------------------
API v1.0 online: http://localhost:8080/cloud-query/


WARNING:werkzeug: * Debugger is active!
INFO:werkzeug: * Debugger PIN: 105-872-535
INFO:logger:###              DEMO: POST /flight             ###
INFO:logger:---- new flight  ----
DEBUG:logger:payload: {'id': 1, 'exp': 1733243620.483729}
ERROR:logger:column "departure_time" is of type timestamp without time zone but expression is of type time without time zone
LINE 3:                                       VALUES ('21:00:00'::ti...
                                                      ^
HINT:  You will need to rewrite or cast the expression.

INFO:werkzeug:127.0.0.1 - - [03/Dec/2024 15:44:06] "[35m[1mPOST /cloud-query/flight HTTP/1.1[0m" 500 -
INFO:werkzeug: * Detected change in '/Users/francisca_mateus/Desktop/Universidade/2º Ano/1º Semestre/SGD/Projeto/Cloud-Query/python/app/cloud_query.py', reloading
INFO:werkzeug: * Restarting with stat
INFO:logger:
---------------------------------------------------------------
API v1.0 online: http://localhost:8080/cloud-query/


WARNING:werkzeug: * Debugger is active!
INFO:werkzeug: * Debugger PIN: 105-872-535
INFO:logger:
---------------------------------------------------------------
API v1.0 online: http://localhost:8080/cloud-query/


INFO:werkzeug:[31m[1mWARNING: This is a development server. Do not use it in a production deployment. Use a production WSGI server instead.[0m
 * Running on all addresses (0.0.0.0)
 * Running on http://127.0.0.1:8080
 * Running on http://10.16.0.201:8080
INFO:werkzeug:[33mPress CTRL+C to quit[0m
INFO:werkzeug: * Restarting with stat
INFO:logger:
---------------------------------------------------------------
API v1.0 online: http://localhost:8080/cloud-query/


WARNING:werkzeug: * Debugger is active!
INFO:werkzeug: * Debugger PIN: 105-872-535
INFO:logger:###              DEMO: POST /flight             ###
INFO:logger:---- new flight  ----
DEBUG:logger:payload: {'id': 1, 'exp': 1733243620.483729}
ERROR:logger:column "departure_time" is of type timestamp without time zone but expression is of type time without time zone
LINE 3:                                       VALUES ('21:00:00'::ti...
                                                      ^
HINT:  You will need to rewrite or cast the expression.

INFO:werkzeug:127.0.0.1 - - [03/Dec/2024 15:46:04] "[35m[1mPOST /cloud-query/flight HTTP/1.1[0m" 500 -
INFO:werkzeug: * Detected change in '/Users/francisca_mateus/Desktop/Universidade/2º Ano/1º Semestre/SGD/Projeto/Cloud-Query/python/app/cloud_query.py', reloading
INFO:werkzeug: * Restarting with stat
INFO:logger:
---------------------------------------------------------------
API v1.0 online: http://localhost:8080/cloud-query/


WARNING:werkzeug: * Debugger is active!
INFO:werkzeug: * Debugger PIN: 105-872-535
INFO:logger:
---------------------------------------------------------------
API v1.0 online: http://localhost:8080/cloud-query/


INFO:werkzeug:[31m[1mWARNING: This is a development server. Do not use it in a production deployment. Use a production WSGI server instead.[0m
 * Running on all addresses (0.0.0.0)
 * Running on http://127.0.0.1:8080
 * Running on http://10.16.0.201:8080
INFO:werkzeug:[33mPress CTRL+C to quit[0m
INFO:werkzeug: * Restarting with stat
INFO:logger:
---------------------------------------------------------------
API v1.0 online: http://localhost:8080/cloud-query/


WARNING:werkzeug: * Debugger is active!
INFO:werkzeug: * Debugger PIN: 105-872-535
INFO:logger:###              DEMO: POST /flight             ###
INFO:logger:---- new flight  ----
DEBUG:logger:payload: {'id': 1, 'exp': 1733243620.483729}
ERROR:logger:column "departure_time" is of type timestamp without time zone but expression is of type time without time zone
LINE 2:                                       VALUES ('21:00:00'::ti...
                                                      ^
HINT:  You will need to rewrite or cast the expression.

INFO:werkzeug:127.0.0.1 - - [03/Dec/2024 15:48:15] "[35m[1mPOST /cloud-query/flight HTTP/1.1[0m" 500 -
INFO:werkzeug: * Detected change in '/Users/francisca_mateus/Desktop/Universidade/2º Ano/1º Semestre/SGD/Projeto/Cloud-Query/python/app/cloud_query.py', reloading
INFO:werkzeug: * Restarting with stat
INFO:logger:
---------------------------------------------------------------
API v1.0 online: http://localhost:8080/cloud-query/


WARNING:werkzeug: * Debugger is active!
INFO:werkzeug: * Debugger PIN: 105-872-535
INFO:logger:###              DEMO: POST /airport              ###
INFO:logger:---- new airport  ----
DEBUG:logger:payload: {'id': 1, 'exp': 1733243620.483729}
INFO:werkzeug:127.0.0.1 - - [03/Dec/2024 15:51:32] "POST /cloud-query/airport HTTP/1.1" 200 -
INFO:werkzeug: * Detected change in '/Users/francisca_mateus/Desktop/Universidade/2º Ano/1º Semestre/SGD/Projeto/Cloud-Query/python/app/cloud_query.py', reloading
INFO:werkzeug: * Restarting with stat
INFO:logger:
---------------------------------------------------------------
API v1.0 online: http://localhost:8080/cloud-query/


WARNING:werkzeug: * Debugger is active!
INFO:werkzeug: * Debugger PIN: 105-872-535
INFO:logger:
---------------------------------------------------------------
API v1.0 online: http://localhost:8080/cloud-query/


INFO:werkzeug:[31m[1mWARNING: This is a development server. Do not use it in a production deployment. Use a production WSGI server instead.[0m
 * Running on all addresses (0.0.0.0)
 * Running on http://127.0.0.1:8080
 * Running on http://10.16.0.201:8080
INFO:werkzeug:[33mPress CTRL+C to quit[0m
INFO:werkzeug: * Restarting with stat
INFO:logger:
---------------------------------------------------------------
API v1.0 online: http://localhost:8080/cloud-query/


WARNING:werkzeug: * Debugger is active!
INFO:werkzeug: * Debugger PIN: 105-872-535
INFO:logger:###              DEMO: POST /flight             ###
INFO:logger:---- new flight  ----
DEBUG:logger:payload: {'id': 1, 'exp': 1733243620.483729}
ERROR:logger:column "departure_time" is of type timestamp without time zone but expression is of type time without time zone
LINE 2:                                       VALUES ('21:00:00'::ti...
                                                      ^
HINT:  You will need to rewrite or cast the expression.

INFO:werkzeug:127.0.0.1 - - [03/Dec/2024 15:52:18] "[35m[1mPOST /cloud-query/flight HTTP/1.1[0m" 500 -
INFO:werkzeug: * Detected change in '/Users/francisca_mateus/Desktop/Universidade/2º Ano/1º Semestre/SGD/Projeto/Cloud-Query/python/app/cloud_query.py', reloading
INFO:werkzeug: * Restarting with stat
INFO:logger:
---------------------------------------------------------------
API v1.0 online: http://localhost:8080/cloud-query/


WARNING:werkzeug: * Debugger is active!
INFO:werkzeug: * Debugger PIN: 105-872-535
INFO:logger:###              DEMO: POST /flight             ###
INFO:logger:---- new flight  ----
DEBUG:logger:payload: {'id': 1, 'exp': 1733243620.483729}
ERROR:logger:column "departure_time" is of type timestamp without time zone but expression is of type time without time zone
LINE 2:                                       VALUES ('21:00:00'::ti...
                                                      ^
HINT:  You will need to rewrite or cast the expression.

INFO:werkzeug:127.0.0.1 - - [03/Dec/2024 15:54:59] "[35m[1mPOST /cloud-query/flight HTTP/1.1[0m" 500 -
INFO:werkzeug: * Detected change in '/Users/francisca_mateus/Desktop/Universidade/2º Ano/1º Semestre/SGD/Projeto/Cloud-Query/python/app/cloud_query.py', reloading
INFO:werkzeug: * Restarting with stat
INFO:logger:
---------------------------------------------------------------
API v1.0 online: http://localhost:8080/cloud-query/


WARNING:werkzeug: * Debugger is active!
INFO:werkzeug: * Debugger PIN: 105-872-535
INFO:werkzeug: * Detected change in '/Users/francisca_mateus/Desktop/Universidade/2º Ano/1º Semestre/SGD/Projeto/Cloud-Query/python/app/cloud_query.py', reloading
INFO:werkzeug: * Restarting with stat
INFO:logger:
---------------------------------------------------------------
API v1.0 online: http://localhost:8080/cloud-query/


WARNING:werkzeug: * Debugger is active!
INFO:werkzeug: * Debugger PIN: 105-872-535
INFO:logger:
---------------------------------------------------------------
API v1.0 online: http://localhost:8080/cloud-query/


INFO:werkzeug:[31m[1mWARNING: This is a development server. Do not use it in a production deployment. Use a production WSGI server instead.[0m
 * Running on all addresses (0.0.0.0)
 * Running on http://127.0.0.1:8080
 * Running on http://192.168.1.137:8080
INFO:werkzeug:[33mPress CTRL+C to quit[0m
INFO:werkzeug: * Restarting with stat
INFO:logger:
---------------------------------------------------------------
API v1.0 online: http://localhost:8080/cloud-query/


WARNING:werkzeug: * Debugger is active!
INFO:werkzeug: * Debugger PIN: 105-872-535
INFO:logger:###              DEMO: POST /flight             ###
INFO:werkzeug:127.0.0.1 - - [03/Dec/2024 22:54:23] "[31m[1mPOST /cloud-query/flight HTTP/1.1[0m" 401 -
INFO:logger:###              DEMO: PUT /users              ###
INFO:werkzeug:127.0.0.1 - - [03/Dec/2024 22:54:27] "PUT /cloud-query/user HTTP/1.1" 200 -
INFO:logger:###              DEMO: POST /flight             ###
INFO:logger:---- new flight  ----
DEBUG:logger:payload: {'id': 1, 'exp': 1733270067.1629171}
ERROR:logger:column "departure_time" is of type timestamp without time zone but expression is of type time without time zone
LINE 2:                                       VALUES ('21:00:00'::ti...
                                                      ^
HINT:  You will need to rewrite or cast the expression.

INFO:werkzeug:127.0.0.1 - - [03/Dec/2024 22:54:50] "[35m[1mPOST /cloud-query/flight HTTP/1.1[0m" 500 -
INFO:logger:
---------------------------------------------------------------
API v1.0 online: http://localhost:8080/cloud-query/


INFO:werkzeug:[31m[1mWARNING: This is a development server. Do not use it in a production deployment. Use a production WSGI server instead.[0m
 * Running on all addresses (0.0.0.0)
 * Running on http://127.0.0.1:8080
 * Running on http://192.168.1.137:8080
INFO:werkzeug:[33mPress CTRL+C to quit[0m
INFO:werkzeug: * Restarting with stat
INFO:logger:
---------------------------------------------------------------
API v1.0 online: http://localhost:8080/cloud-query/


WARNING:werkzeug: * Debugger is active!
INFO:werkzeug: * Debugger PIN: 105-872-535
INFO:logger:###              DEMO: POST /flight             ###
INFO:logger:---- new flight  ----
DEBUG:logger:payload: {'id': 1, 'exp': 1733270067.1629171}
ERROR:logger:column "departure_time" is of type timestamp without time zone but expression is of type time without time zone
LINE 2:                                       VALUES ('21:00:00'::ti...
                                                      ^
HINT:  You will need to rewrite or cast the expression.

INFO:werkzeug:127.0.0.1 - - [03/Dec/2024 22:58:15] "POST /cloud-query/flight HTTP/1.1" 200 -
INFO:logger:
---------------------------------------------------------------
API v1.0 online: http://localhost:8080/cloud-query/


INFO:werkzeug:[31m[1mWARNING: This is a development server. Do not use it in a production deployment. Use a production WSGI server instead.[0m
 * Running on all addresses (0.0.0.0)
 * Running on http://127.0.0.1:8080
 * Running on http://192.168.1.137:8080
INFO:werkzeug:[33mPress CTRL+C to quit[0m
INFO:werkzeug: * Restarting with stat
INFO:logger:
---------------------------------------------------------------
API v1.0 online: http://localhost:8080/cloud-query/


WARNING:werkzeug: * Debugger is active!
INFO:werkzeug: * Debugger PIN: 105-872-535
INFO:logger:###              DEMO: POST /flight             ###
INFO:logger:---- new flight  ----
DEBUG:logger:payload: {'id': 1, 'exp': 1733270067.1629171}
INFO:werkzeug:127.0.0.1 - - [03/Dec/2024 23:01:05] "POST /cloud-query/flight HTTP/1.1" 200 -
INFO:werkzeug: * Detected change in '/Users/francisca_mateus/Desktop/Universidade/2º Ano/1º Semestre/SGD/Projeto/Cloud-Query/python/app/cloud_query.py', reloading
INFO:werkzeug: * Restarting with stat
INFO:logger:
---------------------------------------------------------------
API v1.0 online: http://localhost:8080/cloud-query/


WARNING:werkzeug: * Debugger is active!
INFO:werkzeug: * Debugger PIN: 105-872-535
INFO:logger:###              DEMO: POST /flight             ###
INFO:logger:---- new flight  ----
DEBUG:logger:payload: {'id': 1, 'exp': 1733270067.1629171}
INFO:werkzeug:127.0.0.1 - - [03/Dec/2024 23:02:12] "POST /cloud-query/flight HTTP/1.1" 200 -
INFO:logger:###              DEMO: PUT /users              ###
INFO:werkzeug:127.0.0.1 - - [03/Dec/2024 23:03:02] "PUT /cloud-query/user HTTP/1.1" 200 -
INFO:logger:###              DEMO: PUT /users              ###
INFO:werkzeug:127.0.0.1 - - [03/Dec/2024 23:03:18] "PUT /cloud-query/user HTTP/1.1" 200 -
INFO:logger:###              DEMO: POST /passenger              ###
INFO:logger:###              DEMO: POST /users              ###
INFO:logger:---- new user  ----
DEBUG:logger:payload: {'username': 'maria.mendes', 'email': 'maria.mendes@passenger.pt', 'password': '123maria'}
INFO:logger:---- new passenger  ----
DEBUG:logger:payload: {'username': 'maria.mendes', 'email': 'maria.mendes@passenger.pt', 'password': '123maria'}
INFO:werkzeug:127.0.0.1 - - [03/Dec/2024 23:03:29] "POST /cloud-query/passenger HTTP/1.1" 200 -
INFO:logger:###              DEMO: POST /passenger              ###
INFO:logger:###              DEMO: POST /users              ###
INFO:logger:---- new user  ----
DEBUG:logger:payload: {'username': 'maria.mendes', 'email': 'maria.mendes@passenger.pt', 'password': '123maria'}
ERROR:logger:duplicate key value violates unique constraint "user__username_email_key"
DETAIL:  Key (username, email)=(maria.mendes, maria.mendes@passenger.pt) already exists.

INFO:logger:---- new passenger  ----
DEBUG:logger:payload: {'username': 'maria.mendes', 'email': 'maria.mendes@passenger.pt', 'password': '123maria'}
ERROR:logger:duplicate key value violates unique constraint "passanger_pkey"
DETAIL:  Key (user__id_user)=(4) already exists.

INFO:werkzeug:127.0.0.1 - - [03/Dec/2024 23:03:40] "POST /cloud-query/passenger HTTP/1.1" 200 -
INFO:logger:###              DEMO: PUT /users              ###
INFO:werkzeug:127.0.0.1 - - [03/Dec/2024 23:03:49] "PUT /cloud-query/user HTTP/1.1" 200 -
INFO:logger:###              DEMO: POST /book_flight             ###
INFO:logger:---- make your booking  ----
DEBUG:logger:payload: {'id': 4, 'exp': 1733270629.637986}
INFO:werkzeug:127.0.0.1 - - [03/Dec/2024 23:04:14] "[31m[1mPOST /cloud-query/book_flight HTTP/1.1[0m" 400 -
INFO:logger:###              DEMO: POST /schedule             ###
INFO:werkzeug:127.0.0.1 - - [03/Dec/2024 23:04:45] "[31m[1mPOST /cloud-query/schedule HTTP/1.1[0m" 401 -
INFO:logger:###              DEMO: PUT /users              ###
INFO:werkzeug:127.0.0.1 - - [03/Dec/2024 23:05:11] "PUT /cloud-query/user HTTP/1.1" 200 -
INFO:logger:###              DEMO: POST /schedule             ###
INFO:logger:---- new schedule  ----
DEBUG:logger:payload: {'id': 1, 'exp': 1733270711.834471}
ERROR:logger:insert or update on table "flight__schedule_" violates foreign key constraint "flight__schedule_fk1"
DETAIL:  Key (crew_crew_id)=(1) is not present in table "crew".

INFO:werkzeug:127.0.0.1 - - [03/Dec/2024 23:05:35] "POST /cloud-query/schedule HTTP/1.1" 200 -
INFO:logger:###              DEMO: POST /book_flight             ###
INFO:logger:---- make your booking  ----
DEBUG:logger:payload: {'id': 4, 'exp': 1733270629.637986}
INFO:werkzeug:127.0.0.1 - - [03/Dec/2024 23:06:46] "[31m[1mPOST /cloud-query/book_flight HTTP/1.1[0m" 400 -
INFO:logger:###              DEMO: POST /book_flight             ###
INFO:logger:---- make your booking  ----
DEBUG:logger:payload: {'id': 4, 'exp': 1733270629.637986}
INFO:werkzeug:127.0.0.1 - - [03/Dec/2024 23:07:10] "[31m[1mPOST /cloud-query/book_flight HTTP/1.1[0m" 400 -
INFO:logger:###              DEMO: POST /book_flight             ###
INFO:logger:---- make your booking  ----
DEBUG:logger:payload: {'id': 4, 'exp': 1733270629.637986}
INFO:werkzeug:127.0.0.1 - - [03/Dec/2024 23:07:11] "[31m[1mPOST /cloud-query/book_flight HTTP/1.1[0m" 400 -
INFO:logger:###              DEMO: POST /schedule             ###
INFO:logger:---- new schedule  ----
DEBUG:logger:payload: {'id': 1, 'exp': 1733270711.834471}
ERROR:logger:insert or update on table "flight__schedule_" violates foreign key constraint "flight__schedule_fk1"
DETAIL:  Key (crew_crew_id)=(1) is not present in table "crew".

INFO:werkzeug:127.0.0.1 - - [03/Dec/2024 23:08:16] "POST /cloud-query/schedule HTTP/1.1" 200 -
INFO:logger:###              DEMO: POST /crew              ###
INFO:logger:---- new crew  ----
DEBUG:logger:payload: {'id': 1, 'exp': 1733270711.834471}
INFO:werkzeug:127.0.0.1 - - [03/Dec/2024 23:08:46] "POST /cloud-query/crew HTTP/1.1" 200 -
INFO:logger:###              DEMO: POST /crew              ###
INFO:logger:---- new crew  ----
DEBUG:logger:payload: {'id': 1, 'exp': 1733270711.834471}
INFO:werkzeug:127.0.0.1 - - [03/Dec/2024 23:08:49] "POST /cloud-query/crew HTTP/1.1" 200 -
INFO:logger:###              DEMO: POST /book_flight             ###
INFO:logger:---- make your booking  ----
DEBUG:logger:payload: {'id': 4, 'exp': 1733270629.637986}
INFO:werkzeug:127.0.0.1 - - [03/Dec/2024 23:10:24] "[31m[1mPOST /cloud-query/book_flight HTTP/1.1[0m" 400 -
INFO:logger:###              DEMO: POST /schedule             ###
INFO:logger:---- new schedule  ----
DEBUG:logger:payload: {'id': 1, 'exp': 1733270711.834471}
INFO:werkzeug:127.0.0.1 - - [03/Dec/2024 23:10:37] "POST /cloud-query/schedule HTTP/1.1" 200 -
INFO:logger:###              DEMO: POST /book_flight             ###
INFO:logger:---- make your booking  ----
DEBUG:logger:payload: {'id': 4, 'exp': 1733270629.637986}
ERROR:logger:column "passanger_user__id_user" of relation "booking" does not exist
LINE 8:                 passanger_user__id_user
                        ^

INFO:werkzeug:127.0.0.1 - - [03/Dec/2024 23:11:19] "[35m[1mPOST /cloud-query/book_flight HTTP/1.1[0m" 500 -
INFO:logger:
---------------------------------------------------------------
API v1.0 online: http://localhost:8080/cloud-query/


INFO:werkzeug:[31m[1mWARNING: This is a development server. Do not use it in a production deployment. Use a production WSGI server instead.[0m
 * Running on all addresses (0.0.0.0)
 * Running on http://127.0.0.1:8080
 * Running on http://192.168.1.137:8080
INFO:werkzeug:[33mPress CTRL+C to quit[0m
INFO:werkzeug: * Restarting with stat
INFO:logger:
---------------------------------------------------------------
API v1.0 online: http://localhost:8080/cloud-query/


WARNING:werkzeug: * Debugger is active!
INFO:werkzeug: * Debugger PIN: 105-872-535
INFO:logger:###              DEMO: POST /book_flight             ###
INFO:logger:---- make your booking  ----
DEBUG:logger:payload: {'id': 4, 'exp': 1733270629.637986}
INFO:werkzeug:127.0.0.1 - - [03/Dec/2024 23:21:03] "[31m[1mPOST /cloud-query/book_flight HTTP/1.1[0m" 400 -
INFO:logger:###              DEMO: POST /book_flight             ###
INFO:logger:---- make your booking  ----
DEBUG:logger:payload: {'id': 4, 'exp': 1733270629.637986}
INFO:werkzeug:127.0.0.1 - - [03/Dec/2024 23:21:40] "[31m[1mPOST /cloud-query/book_flight HTTP/1.1[0m" 400 -
INFO:logger:
---------------------------------------------------------------
API v1.0 online: http://localhost:8080/cloud-query/


INFO:werkzeug:[31m[1mWARNING: This is a development server. Do not use it in a production deployment. Use a production WSGI server instead.[0m
 * Running on all addresses (0.0.0.0)
 * Running on http://127.0.0.1:8080
 * Running on http://192.168.1.137:8080
INFO:werkzeug:[33mPress CTRL+C to quit[0m
INFO:werkzeug: * Restarting with stat
INFO:logger:
---------------------------------------------------------------
API v1.0 online: http://localhost:8080/cloud-query/


WARNING:werkzeug: * Debugger is active!
INFO:werkzeug: * Debugger PIN: 105-872-535
INFO:logger:###              DEMO: POST /book_flight             ###
INFO:logger:---- make your booking  ----
DEBUG:logger:payload: {'id': 4, 'exp': 1733270629.637986}
INFO:werkzeug:127.0.0.1 - - [03/Dec/2024 23:23:12] "[31m[1mPOST /cloud-query/book_flight HTTP/1.1[0m" 400 -
INFO:logger:###              DEMO: POST /book_flight             ###
INFO:logger:---- make your booking  ----
DEBUG:logger:payload: {'id': 4, 'exp': 1733270629.637986}
INFO:werkzeug:127.0.0.1 - - [03/Dec/2024 23:28:00] "POST /cloud-query/book_flight HTTP/1.1" 200 -
INFO:logger:###              DEMO: POST /make_payment             ###
INFO:werkzeug:127.0.0.1 - - [03/Dec/2024 23:28:15] "[31m[1mPOST /cloud-query/make_payment HTTP/1.1[0m" 401 -
INFO:logger:###              DEMO: POST /make_payment             ###
INFO:logger:---- make new payment  ----
DEBUG:logger:payload: {'id': 4, 'exp': 1733270629.637986}
INFO:werkzeug:127.0.0.1 - - [03/Dec/2024 23:28:58] "[35m[1mPOST /cloud-query/make_payment HTTP/1.1[0m" 500 -
INFO:werkzeug: * Detected change in '/Users/francisca_mateus/Desktop/Universidade/2º Ano/1º Semestre/SGD/Projeto/Cloud-Query/python/app/cloud_query.py', reloading
INFO:werkzeug: * Restarting with stat
INFO:logger:
---------------------------------------------------------------
API v1.0 online: http://localhost:8080/cloud-query/


WARNING:werkzeug: * Debugger is active!
INFO:werkzeug: * Debugger PIN: 105-872-535
INFO:logger:
---------------------------------------------------------------
API v1.0 online: http://localhost:8080/cloud-query/


INFO:werkzeug:[31m[1mWARNING: This is a development server. Do not use it in a production deployment. Use a production WSGI server instead.[0m
 * Running on all addresses (0.0.0.0)
 * Running on http://127.0.0.1:8080
 * Running on http://192.168.1.137:8080
INFO:werkzeug:[33mPress CTRL+C to quit[0m
INFO:werkzeug: * Restarting with stat
INFO:logger:
---------------------------------------------------------------
API v1.0 online: http://localhost:8080/cloud-query/


WARNING:werkzeug: * Debugger is active!
INFO:werkzeug: * Debugger PIN: 105-872-535
INFO:logger:###              DEMO: POST /make_payment             ###
INFO:logger:---- make new payment  ----
DEBUG:logger:payload: {'id': 4, 'exp': 1733270629.637986}
INFO:werkzeug:127.0.0.1 - - [03/Dec/2024 23:33:19] "[35m[1mPOST /cloud-query/make_payment HTTP/1.1[0m" 500 -
INFO:logger:###              DEMO: POST /make_payment             ###
INFO:logger:---- make new payment  ----
DEBUG:logger:payload: {'id': 4, 'exp': 1733270629.637986}
INFO:werkzeug:127.0.0.1 - - [03/Dec/2024 23:33:31] "POST /cloud-query/make_payment HTTP/1.1" 200 -
INFO:logger:###              DEMO: POST /make_payment             ###
INFO:logger:---- make new payment  ----
DEBUG:logger:payload: {'id': 4, 'exp': 1733270629.637986}
INFO:werkzeug:127.0.0.1 - - [03/Dec/2024 23:33:53] "POST /cloud-query/make_payment HTTP/1.1" 200 -
INFO:logger:###              DEMO: GET /financial_data             ###
INFO:logger:---- Check financial data for the last year  ----
DEBUG:logger:(2, datetime.date(2024, 12, 20), Decimal('99.78'), Decimal('0'), Decimal('99.78'), Decimal('199.56'))
INFO:werkzeug:127.0.0.1 - - [03/Dec/2024 23:34:07] "GET /cloud-query/financial_data HTTP/1.1" 200 -
INFO:logger:
---------------------------------------------------------------
API v1.0 online: http://localhost:8080/cloud-query/


INFO:werkzeug:[31m[1mWARNING: This is a development server. Do not use it in a production deployment. Use a production WSGI server instead.[0m
 * Running on all addresses (0.0.0.0)
 * Running on http://127.0.0.1:8080
 * Running on http://192.168.1.137:8080
INFO:werkzeug:[33mPress CTRL+C to quit[0m
INFO:werkzeug: * Restarting with stat
INFO:logger:
---------------------------------------------------------------
API v1.0 online: http://localhost:8080/cloud-query/


WARNING:werkzeug: * Debugger is active!
INFO:werkzeug: * Debugger PIN: 105-872-535
INFO:logger:###              DEMO: PUT /users              ###
INFO:werkzeug:127.0.0.1 - - [04/Dec/2024 12:14:15] "PUT /cloud-query/user HTTP/1.1" 200 -
INFO:logger:###              DEMO: POST /make_payment             ###
INFO:logger:---- make new payment  ----
DEBUG:logger:payload: {'id': 4, 'exp': 1733318055.311102}
INFO:werkzeug:127.0.0.1 - - [04/Dec/2024 12:14:40] "[35m[1mPOST /cloud-query/make_payment HTTP/1.1[0m" 500 -
INFO:logger:
---------------------------------------------------------------
API v1.0 online: http://localhost:8080/cloud-query/


INFO:werkzeug:[31m[1mWARNING: This is a development server. Do not use it in a production deployment. Use a production WSGI server instead.[0m
 * Running on all addresses (0.0.0.0)
 * Running on http://127.0.0.1:8080
 * Running on http://192.168.1.137:8080
INFO:werkzeug:[33mPress CTRL+C to quit[0m
INFO:werkzeug: * Restarting with stat
INFO:logger:
---------------------------------------------------------------
API v1.0 online: http://localhost:8080/cloud-query/


WARNING:werkzeug: * Debugger is active!
INFO:werkzeug: * Debugger PIN: 105-872-535
INFO:logger:
---------------------------------------------------------------
API v1.0 online: http://localhost:8080/cloud-query/


INFO:werkzeug:[31m[1mWARNING: This is a development server. Do not use it in a production deployment. Use a production WSGI server instead.[0m
 * Running on all addresses (0.0.0.0)
 * Running on http://127.0.0.1:8080
 * Running on http://192.168.1.137:8080
INFO:werkzeug:[33mPress CTRL+C to quit[0m
INFO:werkzeug: * Restarting with stat
INFO:logger:
---------------------------------------------------------------
API v1.0 online: http://localhost:8080/cloud-query/


WARNING:werkzeug: * Debugger is active!
INFO:werkzeug: * Debugger PIN: 105-872-535
INFO:logger:###              DEMO: POST /make_payment             ###
INFO:logger:---- make new payment  ----
DEBUG:logger:payload: {'id': 4, 'exp': 1733318055.311102}
INFO:werkzeug:127.0.0.1 - - [04/Dec/2024 12:16:26] "[35m[1mPOST /cloud-query/make_payment HTTP/1.1[0m" 500 -
INFO:werkzeug: * Detected change in '/Users/francisca_mateus/Desktop/Universidade/2º Ano/1º Semestre/SGD/Projeto/Cloud-Query/python/app/cloud_query.py', reloading
INFO:werkzeug: * Restarting with stat
INFO:logger:
---------------------------------------------------------------
API v1.0 online: http://localhost:8080/cloud-query/


WARNING:werkzeug: * Debugger is active!
INFO:werkzeug: * Debugger PIN: 105-872-535
INFO:werkzeug: * Detected change in '/Users/francisca_mateus/Desktop/Universidade/2º Ano/1º Semestre/SGD/Projeto/Cloud-Query/python/app/cloud_query.py', reloading
INFO:werkzeug: * Restarting with stat
INFO:logger:
---------------------------------------------------------------
API v1.0 online: http://localhost:8080/cloud-query/


WARNING:werkzeug: * Debugger is active!
INFO:werkzeug: * Debugger PIN: 105-872-535
INFO:logger:###              DEMO: POST /book_flight             ###
INFO:logger:---- make your booking  ----
DEBUG:logger:payload: {'id': 4, 'exp': 1733318055.311102}
INFO:werkzeug:127.0.0.1 - - [04/Dec/2024 12:19:49] "[31m[1mPOST /cloud-query/book_flight HTTP/1.1[0m" 400 -
INFO:werkzeug: * Detected change in '/Users/francisca_mateus/Desktop/Universidade/2º Ano/1º Semestre/SGD/Projeto/Cloud-Query/python/app/cloud_query.py', reloading
INFO:werkzeug: * Restarting with stat
INFO:logger:
---------------------------------------------------------------
API v1.0 online: http://localhost:8080/cloud-query/


WARNING:werkzeug: * Debugger is active!
INFO:werkzeug: * Debugger PIN: 105-872-535
INFO:logger:###              DEMO: POST /book_flight             ###
INFO:logger:---- make your booking  ----
DEBUG:logger:payload: {'id': 4, 'exp': 1733318055.311102}
INFO:werkzeug:127.0.0.1 - - [04/Dec/2024 12:22:59] "POST /cloud-query/book_flight HTTP/1.1" 200 -
INFO:logger:###              DEMO: POST /make_payment             ###
INFO:logger:---- make new payment  ----
DEBUG:logger:payload: {'id': 4, 'exp': 1733318055.311102}
INFO:werkzeug:127.0.0.1 - - [04/Dec/2024 12:24:51] "POST /cloud-query/make_payment HTTP/1.1" 200 -
INFO:logger:###              DEMO: POST /make_payment             ###
INFO:logger:---- make new payment  ----
DEBUG:logger:payload: {'id': 4, 'exp': 1733318055.311102}
INFO:werkzeug:127.0.0.1 - - [04/Dec/2024 12:25:12] "POST /cloud-query/make_payment HTTP/1.1" 200 -
INFO:logger:###              DEMO: POST /make_payment             ###
INFO:logger:---- make new payment  ----
DEBUG:logger:payload: {'id': 4, 'exp': 1733318055.311102}
INFO:werkzeug:127.0.0.1 - - [04/Dec/2024 12:25:35] "POST /cloud-query/make_payment HTTP/1.1" 200 -
INFO:werkzeug: * Detected change in '/Users/francisca_mateus/Desktop/Universidade/2º Ano/1º Semestre/SGD/Projeto/Cloud-Query/python/app/cloud_query.py', reloading
INFO:werkzeug: * Restarting with stat
INFO:logger:
---------------------------------------------------------------
API v1.0 online: http://localhost:8080/cloud-query/


WARNING:werkzeug: * Debugger is active!
INFO:werkzeug: * Debugger PIN: 105-872-535
INFO:logger:###              DEMO: GET /financial_data             ###
INFO:logger:---- Check financial data for the last year  ----
DEBUG:logger:(2, Decimal('9.78'), Decimal('9.78'), Decimal('80.22'), Decimal('99.78'))
INFO:werkzeug:127.0.0.1 - - [04/Dec/2024 13:43:22] "[35m[1mGET /cloud-query/financial_data HTTP/1.1[0m" 500 -
INFO:logger:
---------------------------------------------------------------
API v1.0 online: http://localhost:8080/cloud-query/


INFO:werkzeug:[31m[1mWARNING: This is a development server. Do not use it in a production deployment. Use a production WSGI server instead.[0m
 * Running on all addresses (0.0.0.0)
 * Running on http://127.0.0.1:8080
 * Running on http://192.168.1.137:8080
INFO:werkzeug:[33mPress CTRL+C to quit[0m
INFO:werkzeug: * Restarting with stat
INFO:logger:
---------------------------------------------------------------
API v1.0 online: http://localhost:8080/cloud-query/


WARNING:werkzeug: * Debugger is active!
INFO:werkzeug: * Debugger PIN: 105-872-535
INFO:logger:###              DEMO: GET /financial_data             ###
INFO:logger:---- Check financial data for the last year  ----
DEBUG:logger:(2, Decimal('9.78'), Decimal('9.78'), Decimal('80.22'), Decimal('99.78'))
INFO:werkzeug:127.0.0.1 - - [04/Dec/2024 13:44:49] "GET /cloud-query/financial_data HTTP/1.1" 200 -
INFO:logger:###              DEMO: PUT /users              ###
INFO:werkzeug:127.0.0.1 - - [04/Dec/2024 14:08:56] "PUT /cloud-query/user HTTP/1.1" 200 -
INFO:logger:###              DEMO: POST /airport              ###
INFO:logger:---- new airport  ----
DEBUG:logger:payload: {'id': 3, 'exp': 1733324936.875922}
INFO:werkzeug:127.0.0.1 - - [04/Dec/2024 14:09:46] "POST /cloud-query/airport HTTP/1.1" 200 -
INFO:logger:###              DEMO: GET /financial_data             ###
INFO:logger:---- Check financial data for the last year  ----
DEBUG:logger:(2, Decimal('9.78'), Decimal('9.78'), Decimal('80.22'), Decimal('99.78'))
INFO:werkzeug:127.0.0.1 - - [04/Dec/2024 14:15:32] "GET /cloud-query/financial_data HTTP/1.1" 200 -
INFO:werkzeug: * Detected change in '/Users/francisca_mateus/Desktop/Universidade/2º Ano/1º Semestre/SGD/Projeto/Cloud-Query/python/app/cloud_query.py', reloading
INFO:werkzeug: * Restarting with stat
INFO:logger:
---------------------------------------------------------------
API v1.0 online: http://localhost:8080/cloud-query/


WARNING:werkzeug: * Debugger is active!
INFO:werkzeug: * Debugger PIN: 105-872-535
INFO:logger:###              DEMO: GET /financial_data             ###
INFO:logger:---- Check financial data for the last year  ----
DEBUG:logger:(2, Decimal('9.78'), Decimal('9.78'), Decimal('80.22'), Decimal('99.78'))
INFO:werkzeug:127.0.0.1 - - [04/Dec/2024 15:23:58] "GET /cloud-query/financial_data HTTP/1.1" 200 -
INFO:werkzeug: * Detected change in '/Users/francisca_mateus/Desktop/Universidade/2º Ano/1º Semestre/SGD/Projeto/Cloud-Query/python/app/cloud_query.py', reloading
INFO:werkzeug: * Restarting with stat
INFO:logger:
---------------------------------------------------------------
API v1.0 online: http://localhost:8080/cloud-query/


WARNING:werkzeug: * Debugger is active!
INFO:werkzeug: * Debugger PIN: 105-872-535
INFO:werkzeug: * Detected change in '/Users/francisca_mateus/Desktop/Universidade/2º Ano/1º Semestre/SGD/Projeto/Cloud-Query/python/app/cloud_queryexp.py', reloading
INFO:werkzeug: * Restarting with stat
INFO:logger:
---------------------------------------------------------------
API v1.0 online: http://localhost:8080/cloud-query/


WARNING:werkzeug: * Debugger is active!
INFO:werkzeug: * Debugger PIN: 105-872-535
INFO:werkzeug: * Detected change in '/Users/francisca_mateus/Desktop/Universidade/2º Ano/1º Semestre/SGD/Projeto/Cloud-Query/python/app/cloud_queryexp.py', reloading
INFO:werkzeug: * Restarting with stat
INFO:logger:
---------------------------------------------------------------
API v1.0 online: http://localhost:8080/cloud-query/


WARNING:werkzeug: * Debugger is active!
INFO:werkzeug: * Debugger PIN: 105-872-535
INFO:werkzeug: * Detected change in '/Users/francisca_mateus/Desktop/Universidade/2º Ano/1º Semestre/SGD/Projeto/Cloud-Query/python/app/cloud_queryexp.py', reloading
INFO:werkzeug: * Restarting with stat
INFO:logger:
---------------------------------------------------------------
API v1.0 online: http://localhost:8080/cloud-query/


INFO:logger:
---------------------------------------------------------------
API v1.0 online: http://localhost:8080/cloud-query/


WARNING:werkzeug: * Debugger is active!
INFO:werkzeug: * Debugger PIN: 105-872-535
INFO:logger:
---------------------------------------------------------------
API v1.0 online: http://localhost:8080/cloud-query/


INFO:werkzeug:[31m[1mWARNING: This is a development server. Do not use it in a production deployment. Use a production WSGI server instead.[0m
 * Running on all addresses (0.0.0.0)
 * Running on http://127.0.0.1:8080
 * Running on http://192.168.1.137:8080
INFO:werkzeug:[33mPress CTRL+C to quit[0m
INFO:werkzeug: * Restarting with stat
INFO:logger:
---------------------------------------------------------------
API v1.0 online: http://localhost:8080/cloud-query/


WARNING:werkzeug: * Debugger is active!
INFO:werkzeug: * Debugger PIN: 105-872-535
INFO:werkzeug:127.0.0.1 - - [04/Dec/2024 15:38:39] "GET /cloud-query/ HTTP/1.1" 200 -
INFO:werkzeug:127.0.0.1 - - [04/Dec/2024 15:38:39] "[33mGET /favicon.ico HTTP/1.1[0m" 404 -
INFO:logger:###              DEMO: PUT /users              ###
INFO:werkzeug:127.0.0.1 - - [04/Dec/2024 15:39:13] "[31m[1mPUT /cloud-query/user HTTP/1.1[0m" 400 -
INFO:logger:
---------------------------------------------------------------
API v1.0 online: http://localhost:8080/cloud-query/


INFO:werkzeug:[31m[1mWARNING: This is a development server. Do not use it in a production deployment. Use a production WSGI server instead.[0m
 * Running on all addresses (0.0.0.0)
 * Running on http://127.0.0.1:8080
 * Running on http://192.168.1.137:8080
INFO:werkzeug:[33mPress CTRL+C to quit[0m
INFO:werkzeug: * Restarting with stat
INFO:logger:
---------------------------------------------------------------
API v1.0 online: http://localhost:8080/cloud-query/


WARNING:werkzeug: * Debugger is active!
INFO:werkzeug: * Debugger PIN: 105-872-535
INFO:logger:
---------------------------------------------------------------
API v1.0 online: http://localhost:8080/cloud-query/


INFO:werkzeug:[31m[1mWARNING: This is a development server. Do not use it in a production deployment. Use a production WSGI server instead.[0m
 * Running on all addresses (0.0.0.0)
 * Running on http://127.0.0.1:8080
 * Running on http://192.168.1.137:8080
INFO:werkzeug:[33mPress CTRL+C to quit[0m
INFO:werkzeug: * Restarting with stat
INFO:logger:
---------------------------------------------------------------
API v1.0 online: http://localhost:8080/cloud-query/


WARNING:werkzeug: * Debugger is active!
INFO:werkzeug: * Debugger PIN: 105-872-535
INFO:werkzeug: * Detected change in '/Users/francisca_mateus/Desktop/Universidade/2º Ano/1º Semestre/SGD/Projeto/Cloud-Query/python/app/cloud_query.py', reloading
INFO:werkzeug: * Restarting with stat
INFO:logger:
---------------------------------------------------------------
API v1.0 online: http://localhost:8080/cloud-query/


WARNING:werkzeug: * Debugger is active!
INFO:werkzeug: * Debugger PIN: 105-872-535
INFO:werkzeug: * Detected change in '/Users/francisca_mateus/Desktop/Universidade/2º Ano/1º Semestre/SGD/Projeto/Cloud-Query/python/app/cloud_query.py', reloading
INFO:werkzeug: * Restarting with stat
INFO:logger:
---------------------------------------------------------------
API v1.0 online: http://localhost:8080/cloud-query/


WARNING:werkzeug: * Debugger is active!
INFO:werkzeug: * Debugger PIN: 105-872-535
INFO:logger:
---------------------------------------------------------------
API v1.0 online: http://localhost:8080/cloud-query/


INFO:werkzeug:[31m[1mWARNING: This is a development server. Do not use it in a production deployment. Use a production WSGI server instead.[0m
 * Running on all addresses (0.0.0.0)
 * Running on http://127.0.0.1:8080
 * Running on http://192.168.1.137:8080
INFO:werkzeug:[33mPress CTRL+C to quit[0m
INFO:werkzeug: * Restarting with stat
INFO:logger:
---------------------------------------------------------------
API v1.0 online: http://localhost:8080/cloud-query/


WARNING:werkzeug: * Debugger is active!
INFO:werkzeug: * Debugger PIN: 105-872-535
INFO:logger:###              DEMO: PUT /users              ###
INFO:werkzeug:127.0.0.1 - - [04/Dec/2024 16:12:40] "[31m[1mPUT /cloud-query/user HTTP/1.1[0m" 400 -
INFO:logger:
---------------------------------------------------------------
API v1.0 online: http://localhost:8080/cloud-query/


INFO:werkzeug:[31m[1mWARNING: This is a development server. Do not use it in a production deployment. Use a production WSGI server instead.[0m
 * Running on all addresses (0.0.0.0)
 * Running on http://127.0.0.1:8080
 * Running on http://192.168.1.137:8080
INFO:werkzeug:[33mPress CTRL+C to quit[0m
INFO:werkzeug: * Restarting with stat
INFO:logger:
---------------------------------------------------------------
API v1.0 online: http://localhost:8080/cloud-query/


WARNING:werkzeug: * Debugger is active!
INFO:werkzeug: * Debugger PIN: 105-872-535
INFO:logger:###              DEMO: PUT /users              ###
INFO:werkzeug:127.0.0.1 - - [04/Dec/2024 16:13:19] "[31m[1mPUT /cloud-query/user HTTP/1.1[0m" 400 -
INFO:logger:
---------------------------------------------------------------
API v1.0 online: http://localhost:8080/cloud-query/


INFO:werkzeug:[31m[1mWARNING: This is a development server. Do not use it in a production deployment. Use a production WSGI server instead.[0m
 * Running on all addresses (0.0.0.0)
 * Running on http://127.0.0.1:8080
 * Running on http://192.168.1.137:8080
INFO:werkzeug:[33mPress CTRL+C to quit[0m
INFO:werkzeug: * Restarting with stat
INFO:logger:
---------------------------------------------------------------
API v1.0 online: http://localhost:8080/cloud-query/


WARNING:werkzeug: * Debugger is active!
INFO:werkzeug: * Debugger PIN: 105-872-535
INFO:logger:###              DEMO: PUT /users              ###
INFO:werkzeug:127.0.0.1 - - [04/Dec/2024 16:15:30] "PUT /cloud-query/user HTTP/1.1" 200 -
INFO:logger:
---------------------------------------------------------------
API v1.0 online: http://localhost:8080/cloud-query/


INFO:werkzeug:[31m[1mWARNING: This is a development server. Do not use it in a production deployment. Use a production WSGI server instead.[0m
 * Running on all addresses (0.0.0.0)
 * Running on http://127.0.0.1:8080
 * Running on http://192.168.1.137:8080
INFO:werkzeug:[33mPress CTRL+C to quit[0m
INFO:werkzeug: * Restarting with stat
INFO:logger:
---------------------------------------------------------------
API v1.0 online: http://localhost:8080/cloud-query/


WARNING:werkzeug: * Debugger is active!
INFO:werkzeug: * Debugger PIN: 105-872-535
INFO:logger:###              DEMO: GET /crew             ###
DEBUG:logger:---- departments  ----
DEBUG:logger:(1, 1, None)
DEBUG:logger:(2, 1, None)
INFO:werkzeug:127.0.0.1 - - [04/Dec/2024 16:16:19] "GET /cloud-query/crew HTTP/1.1" 200 -
INFO:logger:###              DEMO: POST /crew_member              ###
INFO:logger:###              DEMO: POST /users              ###
INFO:logger:---- new crew_member  ----
DEBUG:logger:payload: {'username': 'jessica.silva', 'email': 'jessica.silva@crew.pt', 'password': '123jessica', 'role': 'pilot', 'crew_id': 1}
INFO:werkzeug:127.0.0.1 - - [04/Dec/2024 16:16:31] "[35m[1mPOST /cloud-query/crew_member HTTP/1.1[0m" 500 -
INFO:logger:
---------------------------------------------------------------
API v1.0 online: http://localhost:8080/cloud-query/


INFO:werkzeug:[31m[1mWARNING: This is a development server. Do not use it in a production deployment. Use a production WSGI server instead.[0m
 * Running on all addresses (0.0.0.0)
 * Running on http://127.0.0.1:8080
 * Running on http://192.168.1.137:8080
INFO:werkzeug:[33mPress CTRL+C to quit[0m
INFO:werkzeug: * Restarting with stat
INFO:logger:
---------------------------------------------------------------
API v1.0 online: http://localhost:8080/cloud-query/


WARNING:werkzeug: * Debugger is active!
INFO:werkzeug: * Debugger PIN: 105-872-535
INFO:logger:###              DEMO: POST /crew_member              ###
INFO:logger:###              DEMO: POST /users              ###
INFO:logger:---- new crew_member  ----
DEBUG:logger:payload: {'username': 'jessica.silva', 'email': 'jessica.silva@crew.pt', 'password': '123jessica', 'role': 'pilot', 'crew_id': 1}
INFO:werkzeug:127.0.0.1 - - [04/Dec/2024 16:19:03] "[35m[1mPOST /cloud-query/crew_member HTTP/1.1[0m" 500 -
INFO:werkzeug: * Detected change in '/Users/francisca_mateus/Desktop/Universidade/2º Ano/1º Semestre/SGD/Projeto/Cloud-Query/python/app/cloud_query.py', reloading
INFO:werkzeug: * Restarting with stat
INFO:logger:
---------------------------------------------------------------
API v1.0 online: http://localhost:8080/cloud-query/


WARNING:werkzeug: * Debugger is active!
INFO:werkzeug: * Debugger PIN: 105-872-535
INFO:logger:
---------------------------------------------------------------
API v1.0 online: http://localhost:8080/cloud-query/


INFO:werkzeug:[31m[1mWARNING: This is a development server. Do not use it in a production deployment. Use a production WSGI server instead.[0m
 * Running on all addresses (0.0.0.0)
 * Running on http://127.0.0.1:8080
 * Running on http://192.168.1.137:8080
INFO:werkzeug:[33mPress CTRL+C to quit[0m
INFO:werkzeug: * Restarting with stat
INFO:logger:
---------------------------------------------------------------
API v1.0 online: http://localhost:8080/cloud-query/


WARNING:werkzeug: * Debugger is active!
INFO:werkzeug: * Debugger PIN: 105-872-535
INFO:logger:###              DEMO: POST /crew_member              ###
INFO:logger:###              DEMO: POST /users              ###
INFO:logger:---- new user  ----
DEBUG:logger:payload: {'username': 'jessica.silva', 'email': 'jessica.silva@crew.pt', 'password': '123jessica', 'role': 'pilot', 'crew_id': 1}
INFO:logger:---- new crew_member  ----
DEBUG:logger:payload: {'username': 'jessica.silva', 'email': 'jessica.silva@crew.pt', 'password': '123jessica', 'role': 'pilot', 'crew_id': 1}
INFO:werkzeug:127.0.0.1 - - [04/Dec/2024 16:21:59] "POST /cloud-query/crew_member HTTP/1.1" 200 -
INFO:werkzeug: * Detected change in '/Users/francisca_mateus/Desktop/Universidade/2º Ano/1º Semestre/SGD/Projeto/Cloud-Query/python/app/cloud_queryexp.py', reloading
INFO:werkzeug: * Restarting with stat
INFO:logger:
---------------------------------------------------------------
API v1.0 online: http://localhost:8080/cloud-query/


WARNING:werkzeug: * Debugger is active!
INFO:werkzeug: * Debugger PIN: 105-872-535
INFO:logger:
---------------------------------------------------------------
API v1.0 online: http://localhost:8080/cloud-query/top_destinations


INFO:werkzeug:[31m[1mWARNING: This is a development server. Do not use it in a production deployment. Use a production WSGI server instead.[0m
 * Running on all addresses (0.0.0.0)
 * Running on http://127.0.0.1:8080
 * Running on http://192.168.1.137:8080
INFO:werkzeug:[33mPress CTRL+C to quit[0m
INFO:werkzeug: * Restarting with stat
INFO:logger:
---------------------------------------------------------------
API v1.0 online: http://localhost:8080/cloud-query/top_destinations


WARNING:werkzeug: * Debugger is active!
INFO:werkzeug: * Debugger PIN: 105-872-535
INFO:werkzeug:127.0.0.1 - - [04/Dec/2024 17:02:31] "[33mGET /cloud-query/top_destinations HTTP/1.1[0m" 404 -
INFO:werkzeug:127.0.0.1 - - [04/Dec/2024 17:02:31] "[33mGET /cloud-query/top_destinations HTTP/1.1[0m" 404 -
INFO:logger:###              DEMO: GET /top_destinations             ###
INFO:logger:----  Report with the top N destinations ----
DEBUG:logger:N top destinatons: 1
INFO:werkzeug:127.0.0.1 - - [04/Dec/2024 17:02:44] "[35m[1mGET /cloud-query/top_destinations/1 HTTP/1.1[0m" 500 -
INFO:werkzeug:127.0.0.1 - - [04/Dec/2024 17:02:44] "GET /cloud-query/top_destinations/1?__debugger__=yes&cmd=resource&f=style.css HTTP/1.1" 200 -
INFO:werkzeug:127.0.0.1 - - [04/Dec/2024 17:02:44] "GET /cloud-query/top_destinations/1?__debugger__=yes&cmd=resource&f=debugger.js HTTP/1.1" 200 -
INFO:werkzeug:127.0.0.1 - - [04/Dec/2024 17:02:44] "GET /cloud-query/top_destinations/1?__debugger__=yes&cmd=resource&f=console.png&s=FwK6HUTXVG4kCp1oWq1M HTTP/1.1" 200 -
INFO:werkzeug:127.0.0.1 - - [04/Dec/2024 17:02:44] "GET /cloud-query/top_destinations/1?__debugger__=yes&cmd=resource&f=console.png HTTP/1.1" 200 -
INFO:werkzeug:127.0.0.1 - - [04/Dec/2024 17:02:52] "[33mGET /cloud-query/top_destinations/ HTTP/1.1[0m" 404 -
INFO:logger:
---------------------------------------------------------------
API v1.0 online: http://localhost:8080/cloud-query/top_destinations/


INFO:werkzeug:[31m[1mWARNING: This is a development server. Do not use it in a production deployment. Use a production WSGI server instead.[0m
 * Running on all addresses (0.0.0.0)
 * Running on http://127.0.0.1:8080
 * Running on http://192.168.1.137:8080
INFO:werkzeug:[33mPress CTRL+C to quit[0m
INFO:werkzeug: * Restarting with stat
INFO:logger:
---------------------------------------------------------------
API v1.0 online: http://localhost:8080/cloud-query/top_destinations/


WARNING:werkzeug: * Debugger is active!
INFO:werkzeug: * Debugger PIN: 105-872-535
INFO:werkzeug:127.0.0.1 - - [04/Dec/2024 17:03:25] "[33mGET /cloud-query/top_destinations/ HTTP/1.1[0m" 404 -
INFO:werkzeug:127.0.0.1 - - [04/Dec/2024 17:03:25] "[33mGET /cloud-query/top_destinations/ HTTP/1.1[0m" 404 -
INFO:logger:###              DEMO: GET /top_destinations             ###
INFO:logger:----  Report with the top N destinations ----
DEBUG:logger:N top destinatons: 1
INFO:werkzeug:127.0.0.1 - - [04/Dec/2024 17:03:35] "[35m[1mGET /cloud-query/top_destinations/1 HTTP/1.1[0m" 500 -
INFO:werkzeug:127.0.0.1 - - [04/Dec/2024 17:03:35] "[36mGET /cloud-query/top_destinations/1?__debugger__=yes&cmd=resource&f=debugger.js HTTP/1.1[0m" 304 -
INFO:werkzeug:127.0.0.1 - - [04/Dec/2024 17:03:35] "[36mGET /cloud-query/top_destinations/1?__debugger__=yes&cmd=resource&f=style.css HTTP/1.1[0m" 304 -
INFO:werkzeug:127.0.0.1 - - [04/Dec/2024 17:03:35] "GET /cloud-query/top_destinations/1?__debugger__=yes&cmd=resource&f=console.png&s=EpyJreRPvxr61St1LL4s HTTP/1.1" 200 -
INFO:werkzeug: * Detected change in '/Users/francisca_mateus/Desktop/Universidade/2º Ano/1º Semestre/SGD/Projeto/Cloud-Query/python/app/cloud_query.py', reloading
INFO:werkzeug: * Restarting with stat
INFO:logger:
---------------------------------------------------------------
API v1.0 online: http://localhost:8080/cloud-query/


WARNING:werkzeug: * Debugger is active!
INFO:werkzeug: * Debugger PIN: 105-872-535
INFO:werkzeug: * Detected change in '/Users/francisca_mateus/Desktop/Universidade/2º Ano/1º Semestre/SGD/Projeto/Cloud-Query/python/app/cloud_query.py', reloading
INFO:werkzeug: * Restarting with stat
INFO:logger:
---------------------------------------------------------------
API v1.0 online: http://localhost:8080/cloud-query/


WARNING:werkzeug: * Debugger is active!
INFO:werkzeug: * Debugger PIN: 105-872-535
INFO:werkzeug: * Detected change in '/Users/francisca_mateus/Desktop/Universidade/2º Ano/1º Semestre/SGD/Projeto/Cloud-Query/python/app/cloud_query.py', reloading
INFO:werkzeug: * Restarting with stat
INFO:logger:
---------------------------------------------------------------
API v1.0 online: http://localhost:8080/cloud-query/


WARNING:werkzeug: * Debugger is active!
INFO:werkzeug: * Debugger PIN: 105-872-535
INFO:werkzeug: * Detected change in '/Users/francisca_mateus/Desktop/Universidade/2º Ano/1º Semestre/SGD/Projeto/Cloud-Query/python/app/cloud_query.py', reloading
INFO:werkzeug: * Restarting with stat
INFO:logger:
---------------------------------------------------------------
API v1.0 online: http://localhost:8080/cloud-query/


WARNING:werkzeug: * Debugger is active!
INFO:werkzeug: * Debugger PIN: 105-872-535
INFO:logger:
---------------------------------------------------------------
API v1.0 online: http://localhost:8080/cloud-query/


INFO:werkzeug:[31m[1mWARNING: This is a development server. Do not use it in a production deployment. Use a production WSGI server instead.[0m
 * Running on all addresses (0.0.0.0)
 * Running on http://127.0.0.1:8080
 * Running on http://192.168.1.137:8080
INFO:werkzeug:[33mPress CTRL+C to quit[0m
INFO:werkzeug: * Restarting with stat
INFO:logger:
---------------------------------------------------------------
API v1.0 online: http://localhost:8080/cloud-query/


WARNING:werkzeug: * Debugger is active!
INFO:werkzeug: * Debugger PIN: 105-872-535
INFO:werkzeug:127.0.0.1 - - [04/Dec/2024 17:19:01] "GET /cloud-query/ HTTP/1.1" 200 -
INFO:logger:###              DEMO: GET /top_destinations             ###
INFO:logger:----  Report with the top N destinations ----
DEBUG:logger:N top destinatons: 1
INFO:werkzeug:127.0.0.1 - - [04/Dec/2024 17:19:16] "GET /cloud-query/top_destinations/1 HTTP/1.1" 200 -
INFO:logger:###              DEMO: GET /top_destinations             ###
INFO:logger:----  Report with the top N destinations ----
DEBUG:logger:N top destinatons: 2
INFO:werkzeug:127.0.0.1 - - [04/Dec/2024 17:19:26] "GET /cloud-query/top_destinations/2 HTTP/1.1" 200 -
INFO:werkzeug:127.0.0.1 - - [04/Dec/2024 17:20:18] "[33mGET /cloud-query/top_routes/ HTTP/1.1[0m" 404 -
INFO:logger:###              DEMO: GET /top_routes             ###
INFO:werkzeug:127.0.0.1 - - [04/Dec/2024 17:22:08] "[31m[1mGET /cloud-query/top_routes HTTP/1.1[0m" 415 -
INFO:logger:
---------------------------------------------------------------
API v1.0 online: http://localhost:8080/cloud-query/


INFO:werkzeug:[31m[1mWARNING: This is a development server. Do not use it in a production deployment. Use a production WSGI server instead.[0m
 * Running on all addresses (0.0.0.0)
 * Running on http://127.0.0.1:8080
 * Running on http://192.168.1.137:8080
INFO:werkzeug:[33mPress CTRL+C to quit[0m
INFO:werkzeug: * Restarting with stat
INFO:logger:
---------------------------------------------------------------
API v1.0 online: http://localhost:8080/cloud-query/


WARNING:werkzeug: * Debugger is active!
INFO:werkzeug: * Debugger PIN: 105-872-535
INFO:werkzeug:127.0.0.1 - - [04/Dec/2024 17:23:39] "GET /cloud-query/ HTTP/1.1" 200 -
INFO:werkzeug:127.0.0.1 - - [04/Dec/2024 17:23:44] "[33mGET /cloud-query/top_routes HTTP/1.1[0m" 404 -
INFO:logger:###              DEMO: GET /top_routes             ###
INFO:werkzeug:127.0.0.1 - - [04/Dec/2024 17:23:50] "[31m[1mGET /cloud-query/top_routes/1 HTTP/1.1[0m" 415 -
INFO:logger:
---------------------------------------------------------------
API v1.0 online: http://localhost:8080/cloud-query/


INFO:werkzeug:[31m[1mWARNING: This is a development server. Do not use it in a production deployment. Use a production WSGI server instead.[0m
 * Running on all addresses (0.0.0.0)
 * Running on http://127.0.0.1:8080
 * Running on http://192.168.1.137:8080
INFO:werkzeug:[33mPress CTRL+C to quit[0m
INFO:werkzeug: * Restarting with stat
INFO:logger:
---------------------------------------------------------------
API v1.0 online: http://localhost:8080/cloud-query/


WARNING:werkzeug: * Debugger is active!
INFO:werkzeug: * Debugger PIN: 105-872-535
INFO:logger:###              DEMO: GET /top_routes             ###
INFO:logger:----  Monthly report with the top N routes with more passengers  ----
INFO:werkzeug:127.0.0.1 - - [04/Dec/2024 17:24:26] "[35m[1mGET /cloud-query/top_routes/1 HTTP/1.1[0m" 500 -
INFO:werkzeug:127.0.0.1 - - [04/Dec/2024 17:24:26] "GET /cloud-query/top_routes/1?__debugger__=yes&cmd=resource&f=style.css HTTP/1.1" 200 -
INFO:werkzeug:127.0.0.1 - - [04/Dec/2024 17:24:26] "GET /cloud-query/top_routes/1?__debugger__=yes&cmd=resource&f=debugger.js HTTP/1.1" 200 -
INFO:werkzeug:127.0.0.1 - - [04/Dec/2024 17:24:26] "GET /cloud-query/top_routes/1?__debugger__=yes&cmd=resource&f=console.png&s=IelRC8mtyfhkpJELT1T9 HTTP/1.1" 200 -
INFO:werkzeug:127.0.0.1 - - [04/Dec/2024 17:24:26] "GET /cloud-query/top_routes/1?__debugger__=yes&cmd=resource&f=console.png HTTP/1.1" 200 -
INFO:logger:
---------------------------------------------------------------
API v1.0 online: http://localhost:8080/cloud-query/


INFO:werkzeug:[31m[1mWARNING: This is a development server. Do not use it in a production deployment. Use a production WSGI server instead.[0m
 * Running on all addresses (0.0.0.0)
 * Running on http://127.0.0.1:8080
 * Running on http://192.168.1.137:8080
INFO:werkzeug:[33mPress CTRL+C to quit[0m
INFO:werkzeug: * Restarting with stat
INFO:logger:
---------------------------------------------------------------
API v1.0 online: http://localhost:8080/cloud-query/


WARNING:werkzeug: * Debugger is active!
INFO:werkzeug: * Debugger PIN: 105-872-535
INFO:logger:###              DEMO: GET /top_routes             ###
INFO:logger:----  Monthly report with the top N routes with more passengers  ----
INFO:werkzeug:127.0.0.1 - - [04/Dec/2024 17:25:31] "[35m[1mGET /cloud-query/top_routes/1 HTTP/1.1[0m" 500 -
INFO:logger:
---------------------------------------------------------------
API v1.0 online: http://localhost:8080/cloud-query/


INFO:werkzeug:[31m[1mWARNING: This is a development server. Do not use it in a production deployment. Use a production WSGI server instead.[0m
 * Running on all addresses (0.0.0.0)
 * Running on http://127.0.0.1:8080
 * Running on http://192.168.1.137:8080
INFO:werkzeug:[33mPress CTRL+C to quit[0m
INFO:werkzeug: * Restarting with stat
INFO:logger:
---------------------------------------------------------------
API v1.0 online: http://localhost:8080/cloud-query/


WARNING:werkzeug: * Debugger is active!
INFO:werkzeug: * Debugger PIN: 105-872-535
INFO:logger:###              DEMO: GET /top_routes             ###
INFO:logger:----  Monthly report with the top N routes with more passengers  ----
INFO:werkzeug:127.0.0.1 - - [04/Dec/2024 17:26:19] "[35m[1mGET /cloud-query/top_routes/1 HTTP/1.1[0m" 500 -
INFO:logger:
---------------------------------------------------------------
API v1.0 online: http://localhost:8080/cloud-query/


INFO:werkzeug:[31m[1mWARNING: This is a development server. Do not use it in a production deployment. Use a production WSGI server instead.[0m
 * Running on all addresses (0.0.0.0)
 * Running on http://127.0.0.1:8080
 * Running on http://192.168.1.137:8080
INFO:werkzeug:[33mPress CTRL+C to quit[0m
INFO:werkzeug: * Restarting with stat
INFO:logger:
---------------------------------------------------------------
API v1.0 online: http://localhost:8080/cloud-query/


WARNING:werkzeug: * Debugger is active!
INFO:werkzeug: * Debugger PIN: 105-872-535
INFO:logger:###              DEMO: GET /top_routes             ###
INFO:logger:----  Monthly report with the top N routes with more passengers  ----
INFO:werkzeug:127.0.0.1 - - [04/Dec/2024 17:27:29] "[35m[1mGET /cloud-query/top_routes/1 HTTP/1.1[0m" 500 -
INFO:logger:
---------------------------------------------------------------
API v1.0 online: http://localhost:8080/cloud-query/


INFO:werkzeug:[31m[1mWARNING: This is a development server. Do not use it in a production deployment. Use a production WSGI server instead.[0m
 * Running on all addresses (0.0.0.0)
 * Running on http://127.0.0.1:8080
 * Running on http://192.168.1.137:8080
INFO:werkzeug:[33mPress CTRL+C to quit[0m
INFO:werkzeug: * Restarting with stat
INFO:logger:
---------------------------------------------------------------
API v1.0 online: http://localhost:8080/cloud-query/


WARNING:werkzeug: * Debugger is active!
INFO:werkzeug: * Debugger PIN: 105-872-535
INFO:logger:###              DEMO: GET /top_routes             ###
INFO:logger:----  Monthly report with the top N routes with more passengers  ----
INFO:werkzeug:127.0.0.1 - - [04/Dec/2024 17:28:03] "GET /cloud-query/top_routes/1 HTTP/1.1" 200 -
INFO:werkzeug: * Detected change in '/Users/francisca_mateus/Desktop/Universidade/2º Ano/1º Semestre/SGD/Projeto/Cloud-Query/python/app/cloud_query.py', reloading
INFO:werkzeug: * Restarting with stat
INFO:logger:
---------------------------------------------------------------
API v1.0 online: http://localhost:8080/cloud-query/


WARNING:werkzeug: * Debugger is active!
INFO:werkzeug: * Debugger PIN: 105-872-535
INFO:logger:###              DEMO: POST /schedule             ###
INFO:werkzeug:127.0.0.1 - - [04/Dec/2024 17:33:58] "[31m[1mPOST /cloud-query/schedule HTTP/1.1[0m" 401 -
INFO:logger:###              DEMO: PUT /users              ###
INFO:werkzeug:127.0.0.1 - - [04/Dec/2024 17:34:04] "PUT /cloud-query/user HTTP/1.1" 200 -
INFO:logger:###              DEMO: POST /schedule             ###
INFO:logger:---- new schedule  ----
DEBUG:logger:payload: {'id': 3, 'exp': 1733337244.4236789}
INFO:werkzeug:127.0.0.1 - - [04/Dec/2024 17:34:26] "[31m[1mPOST /cloud-query/schedule HTTP/1.1[0m" 400 -
INFO:logger:
---------------------------------------------------------------
API v1.0 online: http://localhost:8080/cloud-query/


INFO:werkzeug:[31m[1mWARNING: This is a development server. Do not use it in a production deployment. Use a production WSGI server instead.[0m
 * Running on all addresses (0.0.0.0)
 * Running on http://127.0.0.1:8080
 * Running on http://192.168.1.137:8080
INFO:werkzeug:[33mPress CTRL+C to quit[0m
INFO:werkzeug: * Restarting with stat
INFO:logger:
---------------------------------------------------------------
API v1.0 online: http://localhost:8080/cloud-query/


WARNING:werkzeug: * Debugger is active!
INFO:werkzeug: * Debugger PIN: 105-872-535
INFO:logger:###              DEMO: POST /schedule             ###
INFO:logger:---- new schedule  ----
DEBUG:logger:payload: {'id': 3, 'exp': 1733337244.4236789}
INFO:werkzeug:127.0.0.1 - - [04/Dec/2024 17:35:17] "[35m[1mPOST /cloud-query/schedule HTTP/1.1[0m" 500 -
INFO:logger:
---------------------------------------------------------------
API v1.0 online: http://localhost:8080/cloud-query/


INFO:werkzeug:[31m[1mWARNING: This is a development server. Do not use it in a production deployment. Use a production WSGI server instead.[0m
 * Running on all addresses (0.0.0.0)
 * Running on http://127.0.0.1:8080
 * Running on http://192.168.1.137:8080
INFO:werkzeug:[33mPress CTRL+C to quit[0m
INFO:werkzeug: * Restarting with stat
INFO:logger:
---------------------------------------------------------------
API v1.0 online: http://localhost:8080/cloud-query/


WARNING:werkzeug: * Debugger is active!
INFO:werkzeug: * Debugger PIN: 105-872-535
INFO:logger:###              DEMO: POST /schedule             ###
INFO:logger:---- new schedule  ----
DEBUG:logger:payload: {'id': 3, 'exp': 1733337244.4236789}
INFO:werkzeug:127.0.0.1 - - [04/Dec/2024 17:35:56] "[35m[1mPOST /cloud-query/schedule HTTP/1.1[0m" 500 -
INFO:logger:
---------------------------------------------------------------
API v1.0 online: http://localhost:8080/cloud-query/


INFO:werkzeug:[31m[1mWARNING: This is a development server. Do not use it in a production deployment. Use a production WSGI server instead.[0m
 * Running on all addresses (0.0.0.0)
 * Running on http://127.0.0.1:8080
 * Running on http://192.168.1.137:8080
INFO:werkzeug:[33mPress CTRL+C to quit[0m
INFO:werkzeug: * Restarting with stat
INFO:logger:
---------------------------------------------------------------
API v1.0 online: http://localhost:8080/cloud-query/


WARNING:werkzeug: * Debugger is active!
INFO:werkzeug: * Debugger PIN: 105-872-535
INFO:logger:###              DEMO: POST /schedule             ###
INFO:logger:---- new schedule  ----
DEBUG:logger:payload: {'id': 3, 'exp': 1733337244.4236789}
INFO:werkzeug:127.0.0.1 - - [04/Dec/2024 17:36:31] "[35m[1mPOST /cloud-query/schedule HTTP/1.1[0m" 500 -
INFO:logger:
---------------------------------------------------------------
API v1.0 online: http://localhost:8080/cloud-query/


INFO:werkzeug:[31m[1mWARNING: This is a development server. Do not use it in a production deployment. Use a production WSGI server instead.[0m
 * Running on all addresses (0.0.0.0)
 * Running on http://127.0.0.1:8080
 * Running on http://192.168.1.137:8080
INFO:werkzeug:[33mPress CTRL+C to quit[0m
INFO:werkzeug: * Restarting with stat
INFO:logger:
---------------------------------------------------------------
API v1.0 online: http://localhost:8080/cloud-query/


WARNING:werkzeug: * Debugger is active!
INFO:werkzeug: * Debugger PIN: 105-872-535
INFO:logger:###              DEMO: POST /schedule             ###
INFO:logger:---- new schedule  ----
DEBUG:logger:payload: {'id': 3, 'exp': 1733337244.4236789}
INFO:werkzeug:127.0.0.1 - - [04/Dec/2024 17:39:08] "POST /cloud-query/schedule HTTP/1.1" 200 -
INFO:logger:###              DEMO: GET /top_routes             ###
INFO:logger:----  Monthly report with the top N routes with more passengers  ----
INFO:werkzeug:127.0.0.1 - - [04/Dec/2024 17:41:36] "GET /cloud-query/top_routes/1 HTTP/1.1" 200 -
INFO:logger:###              DEMO: GET /top_routes             ###
INFO:logger:----  Monthly report with the top N routes with more passengers  ----
INFO:werkzeug:127.0.0.1 - - [04/Dec/2024 17:41:39] "GET /cloud-query/top_routes/1 HTTP/1.1" 200 -
INFO:logger:###              DEMO: GET /top_routes             ###
INFO:logger:----  Monthly report with the top N routes with more passengers  ----
INFO:werkzeug:127.0.0.1 - - [04/Dec/2024 17:43:39] "GET /cloud-query/top_routes/2 HTTP/1.1" 200 -
INFO:werkzeug:127.0.0.1 - - [04/Dec/2024 17:44:04] "[33mGET /cloud-query/all_routes HTTP/1.1[0m" 404 -
INFO:logger:###              DEMO: GET /check_routes             ###
INFO:werkzeug:127.0.0.1 - - [04/Dec/2024 17:44:38] "[31m[1mGET /cloud-query/check_routes HTTP/1.1[0m" 415 -
INFO:logger:
---------------------------------------------------------------
API v1.0 online: http://localhost:8080/cloud-query/


INFO:werkzeug:[31m[1mWARNING: This is a development server. Do not use it in a production deployment. Use a production WSGI server instead.[0m
 * Running on all addresses (0.0.0.0)
 * Running on http://127.0.0.1:8080
 * Running on http://192.168.1.137:8080
INFO:werkzeug:[33mPress CTRL+C to quit[0m
INFO:werkzeug: * Restarting with stat
INFO:logger:
---------------------------------------------------------------
API v1.0 online: http://localhost:8080/cloud-query/


WARNING:werkzeug: * Debugger is active!
INFO:werkzeug: * Debugger PIN: 105-872-535
INFO:logger:###              DEMO: GET /check_routes             ###
INFO:werkzeug:127.0.0.1 - - [04/Dec/2024 17:52:06] "[31m[1mGET /cloud-query/check_routes HTTP/1.1[0m" 415 -
INFO:logger:
---------------------------------------------------------------
API v1.0 online: http://localhost:8080/cloud-query/


INFO:werkzeug:[31m[1mWARNING: This is a development server. Do not use it in a production deployment. Use a production WSGI server instead.[0m
 * Running on all addresses (0.0.0.0)
 * Running on http://127.0.0.1:8080
 * Running on http://192.168.1.137:8080
INFO:werkzeug:[33mPress CTRL+C to quit[0m
INFO:werkzeug: * Restarting with stat
INFO:logger:
---------------------------------------------------------------
API v1.0 online: http://localhost:8080/cloud-query/


WARNING:werkzeug: * Debugger is active!
INFO:werkzeug: * Debugger PIN: 105-872-535
INFO:logger:###              DEMO: GET /check_routes             ###
INFO:logger:----  Check the available routes ----
INFO:werkzeug:127.0.0.1 - - [04/Dec/2024 17:52:35] "[35m[1mGET /cloud-query/check_routes HTTP/1.1[0m" 500 -
INFO:logger:
---------------------------------------------------------------
API v1.0 online: http://localhost:8080/cloud-query/


INFO:werkzeug:[31m[1mWARNING: This is a development server. Do not use it in a production deployment. Use a production WSGI server instead.[0m
 * Running on all addresses (0.0.0.0)
 * Running on http://127.0.0.1:8080
 * Running on http://192.168.1.137:8080
INFO:werkzeug:[33mPress CTRL+C to quit[0m
INFO:werkzeug: * Restarting with stat
INFO:logger:
---------------------------------------------------------------
API v1.0 online: http://localhost:8080/cloud-query/


WARNING:werkzeug: * Debugger is active!
INFO:werkzeug: * Debugger PIN: 105-872-535
INFO:logger:###              DEMO: GET /check_routes             ###
INFO:logger:----  Check the available routes ----
INFO:werkzeug:127.0.0.1 - - [04/Dec/2024 17:53:24] "[35m[1mGET /cloud-query/check_routes HTTP/1.1[0m" 500 -
INFO:werkzeug: * Detected change in '/Users/francisca_mateus/Desktop/Universidade/2º Ano/1º Semestre/SGD/Projeto/Cloud-Query/python/app/cloud_query.py', reloading
INFO:werkzeug: * Restarting with stat
INFO:logger:
---------------------------------------------------------------
API v1.0 online: http://localhost:8080/cloud-query/


WARNING:werkzeug: * Debugger is active!
INFO:werkzeug: * Debugger PIN: 105-872-535
INFO:logger:###              DEMO: GET /check_routes             ###
INFO:logger:----  Check the available routes ----
INFO:werkzeug:127.0.0.1 - - [04/Dec/2024 17:54:21] "[35m[1mGET /cloud-query/check_routes HTTP/1.1[0m" 500 -
INFO:logger:
---------------------------------------------------------------
API v1.0 online: http://localhost:8080/cloud-query/


INFO:werkzeug:[31m[1mWARNING: This is a development server. Do not use it in a production deployment. Use a production WSGI server instead.[0m
 * Running on all addresses (0.0.0.0)
 * Running on http://127.0.0.1:8080
 * Running on http://192.168.1.137:8080
INFO:werkzeug:[33mPress CTRL+C to quit[0m
INFO:werkzeug: * Restarting with stat
INFO:logger:
---------------------------------------------------------------
API v1.0 online: http://localhost:8080/cloud-query/


WARNING:werkzeug: * Debugger is active!
INFO:werkzeug: * Debugger PIN: 105-872-535
INFO:logger:###              DEMO: GET /check_routes             ###
INFO:logger:----  Check the available routes ----
INFO:werkzeug:127.0.0.1 - - [04/Dec/2024 17:55:33] "[35m[1mGET /cloud-query/check_routes HTTP/1.1[0m" 500 -
INFO:logger:
---------------------------------------------------------------
API v1.0 online: http://localhost:8080/cloud-query/


INFO:werkzeug:[31m[1mWARNING: This is a development server. Do not use it in a production deployment. Use a production WSGI server instead.[0m
 * Running on all addresses (0.0.0.0)
 * Running on http://127.0.0.1:8080
 * Running on http://192.168.1.137:8080
INFO:werkzeug:[33mPress CTRL+C to quit[0m
INFO:werkzeug: * Restarting with stat
INFO:logger:
---------------------------------------------------------------
API v1.0 online: http://localhost:8080/cloud-query/


WARNING:werkzeug: * Debugger is active!
INFO:werkzeug: * Debugger PIN: 105-872-535
INFO:logger:###              DEMO: GET /check_routes             ###
INFO:logger:----  Check the available routes ----
INFO:werkzeug:127.0.0.1 - - [04/Dec/2024 17:57:07] "GET /cloud-query/check_routes HTTP/1.1" 200 -
INFO:logger:
---------------------------------------------------------------
API v1.0 online: http://localhost:8080/cloud-query/


INFO:werkzeug:[31m[1mWARNING: This is a development server. Do not use it in a production deployment. Use a production WSGI server instead.[0m
 * Running on all addresses (0.0.0.0)
 * Running on http://127.0.0.1:8080
 * Running on http://192.168.1.137:8080
INFO:werkzeug:[33mPress CTRL+C to quit[0m
INFO:werkzeug: * Restarting with stat
INFO:logger:
---------------------------------------------------------------
API v1.0 online: http://localhost:8080/cloud-query/


WARNING:werkzeug: * Debugger is active!
INFO:werkzeug: * Debugger PIN: 105-872-535
INFO:logger:###              DEMO: GET /check_routes             ###
INFO:logger:----  Check the available routes ----
INFO:werkzeug:127.0.0.1 - - [04/Dec/2024 17:59:31] "GET /cloud-query/check_routes HTTP/1.1" 200 -
INFO:logger:
---------------------------------------------------------------
API v1.0 online: http://localhost:8080/cloud-query/


INFO:werkzeug:[31m[1mWARNING: This is a development server. Do not use it in a production deployment. Use a production WSGI server instead.[0m
 * Running on all addresses (0.0.0.0)
 * Running on http://127.0.0.1:8080
 * Running on http://192.168.1.137:8080
INFO:werkzeug:[33mPress CTRL+C to quit[0m
INFO:werkzeug: * Restarting with stat
INFO:logger:
---------------------------------------------------------------
API v1.0 online: http://localhost:8080/cloud-query/


WARNING:werkzeug: * Debugger is active!
INFO:werkzeug: * Debugger PIN: 105-872-535
INFO:logger:###              DEMO: GET /check_routes             ###
INFO:logger:----  Check the available routes ----
INFO:werkzeug:127.0.0.1 - - [04/Dec/2024 18:00:47] "GET /cloud-query/check_routes HTTP/1.1" 200 -
INFO:logger:
---------------------------------------------------------------
API v1.0 online: http://localhost:8080/cloud-query/


INFO:werkzeug:[31m[1mWARNING: This is a development server. Do not use it in a production deployment. Use a production WSGI server instead.[0m
 * Running on all addresses (0.0.0.0)
 * Running on http://127.0.0.1:8080
 * Running on http://192.168.1.137:8080
INFO:werkzeug:[33mPress CTRL+C to quit[0m
INFO:werkzeug: * Restarting with stat
INFO:logger:
---------------------------------------------------------------
API v1.0 online: http://localhost:8080/cloud-query/


WARNING:werkzeug: * Debugger is active!
INFO:werkzeug: * Debugger PIN: 105-872-535
INFO:logger:###              DEMO: GET /check_routes             ###
INFO:logger:----  Check the available routes ----
INFO:werkzeug:127.0.0.1 - - [04/Dec/2024 18:01:55] "[35m[1mGET /cloud-query/check_routes HTTP/1.1[0m" 500 -
INFO:logger:
---------------------------------------------------------------
API v1.0 online: http://localhost:8080/cloud-query/


INFO:werkzeug:[31m[1mWARNING: This is a development server. Do not use it in a production deployment. Use a production WSGI server instead.[0m
 * Running on all addresses (0.0.0.0)
 * Running on http://127.0.0.1:8080
 * Running on http://192.168.1.137:8080
INFO:werkzeug:[33mPress CTRL+C to quit[0m
INFO:werkzeug: * Restarting with stat
INFO:logger:
---------------------------------------------------------------
API v1.0 online: http://localhost:8080/cloud-query/


WARNING:werkzeug: * Debugger is active!
INFO:werkzeug: * Debugger PIN: 105-872-535
INFO:logger:###              DEMO: GET /check_routes             ###
INFO:logger:----  Check the available routes ----
INFO:werkzeug:127.0.0.1 - - [04/Dec/2024 18:02:44] "[35m[1mGET /cloud-query/check_routes HTTP/1.1[0m" 500 -
INFO:werkzeug: * Detected change in '/Users/francisca_mateus/Desktop/Universidade/2º Ano/1º Semestre/SGD/Projeto/Cloud-Query/python/app/cloud_query.py', reloading
INFO:werkzeug: * Restarting with stat
INFO:logger:
---------------------------------------------------------------
API v1.0 online: http://localhost:8080/cloud-query/


WARNING:werkzeug: * Debugger is active!
INFO:werkzeug: * Debugger PIN: 105-872-535
INFO:logger:
---------------------------------------------------------------
API v1.0 online: http://localhost:8080/cloud-query/


INFO:werkzeug:[31m[1mWARNING: This is a development server. Do not use it in a production deployment. Use a production WSGI server instead.[0m
 * Running on all addresses (0.0.0.0)
 * Running on http://127.0.0.1:8080
 * Running on http://192.168.1.137:8080
INFO:werkzeug:[33mPress CTRL+C to quit[0m
INFO:werkzeug: * Restarting with stat
INFO:logger:
---------------------------------------------------------------
API v1.0 online: http://localhost:8080/cloud-query/


WARNING:werkzeug: * Debugger is active!
INFO:werkzeug: * Debugger PIN: 105-872-535
INFO:logger:###              DEMO: GET /check_routes             ###
INFO:logger:----  Check the available routes ----
INFO:werkzeug:127.0.0.1 - - [04/Dec/2024 18:07:47] "[35m[1mGET /cloud-query/check_routes HTTP/1.1[0m" 500 -
INFO:logger:
---------------------------------------------------------------
API v1.0 online: http://localhost:8080/cloud-query/


INFO:werkzeug:[31m[1mWARNING: This is a development server. Do not use it in a production deployment. Use a production WSGI server instead.[0m
 * Running on all addresses (0.0.0.0)
 * Running on http://127.0.0.1:8080
 * Running on http://192.168.1.137:8080
INFO:werkzeug:[33mPress CTRL+C to quit[0m
INFO:werkzeug: * Restarting with stat
INFO:logger:
---------------------------------------------------------------
API v1.0 online: http://localhost:8080/cloud-query/


WARNING:werkzeug: * Debugger is active!
INFO:werkzeug: * Debugger PIN: 105-872-535
INFO:logger:###              DEMO: GET /check_routes             ###
INFO:logger:----  Check the available routes ----
INFO:werkzeug:127.0.0.1 - - [04/Dec/2024 18:11:05] "GET /cloud-query/check_routes HTTP/1.1" 200 -
INFO:werkzeug: * Detected change in '/Users/francisca_mateus/Desktop/Universidade/2º Ano/1º Semestre/SGD/Projeto/Cloud-Query/python/app/cloud_query.py', reloading
INFO:werkzeug: * Restarting with stat
INFO:logger:
---------------------------------------------------------------
API v1.0 online: http://localhost:8080/cloud-query/


WARNING:werkzeug: * Debugger is active!
INFO:werkzeug: * Debugger PIN: 105-872-535
INFO:logger:###              DEMO: GET /check_routes             ###
INFO:logger:----  Check the available routes ----
DEBUG:logger:payload: {'origin_airport': 1}
INFO:werkzeug:127.0.0.1 - - [04/Dec/2024 18:13:53] "GET /cloud-query/check_routes HTTP/1.1" 200 -
INFO:logger:###              DEMO: GET /check_routes             ###
INFO:logger:----  Check the available routes ----
DEBUG:logger:payload: {'origin_airport': 2}
INFO:werkzeug:127.0.0.1 - - [04/Dec/2024 18:13:58] "[31m[1mGET /cloud-query/check_routes HTTP/1.1[0m" 400 -
INFO:logger:###              DEMO: GET /check_routes             ###
INFO:logger:----  Check the available routes ----
DEBUG:logger:payload: {'origin_airport': 1}
INFO:werkzeug:127.0.0.1 - - [04/Dec/2024 18:14:12] "GET /cloud-query/check_routes HTTP/1.1" 200 -
INFO:logger:###              DEMO: GET /check_routes             ###
INFO:logger:----  Check the available routes ----
DEBUG:logger:payload: {'origin_airport': 1, 'destination_airport': 2}
INFO:werkzeug:127.0.0.1 - - [04/Dec/2024 18:14:28] "GET /cloud-query/check_routes HTTP/1.1" 200 -
INFO:logger:###              DEMO: GET /check_routes             ###
INFO:logger:----  Check the available routes ----
DEBUG:logger:payload: {'destination_airport': 2}
INFO:werkzeug:127.0.0.1 - - [04/Dec/2024 18:14:33] "GET /cloud-query/check_routes HTTP/1.1" 200 -
INFO:logger:###              DEMO: GET /check_routes             ###
INFO:logger:----  Check the available routes ----
DEBUG:logger:payload: {'destination_airport': 1}
INFO:werkzeug:127.0.0.1 - - [04/Dec/2024 18:14:58] "GET /cloud-query/check_routes HTTP/1.1" 200 -
INFO:logger:
---------------------------------------------------------------
API v1.0 online: http://localhost:8080/cloud-query/


INFO:werkzeug:[31m[1mWARNING: This is a development server. Do not use it in a production deployment. Use a production WSGI server instead.[0m
 * Running on all addresses (0.0.0.0)
 * Running on http://127.0.0.1:8080
 * Running on http://192.168.1.137:8080
INFO:werkzeug:[33mPress CTRL+C to quit[0m
INFO:werkzeug: * Restarting with stat
INFO:logger:
---------------------------------------------------------------
API v1.0 online: http://localhost:8080/cloud-query/


WARNING:werkzeug: * Debugger is active!
INFO:werkzeug: * Debugger PIN: 105-872-535
INFO:logger:###              DEMO: GET /check_routes             ###
INFO:logger:----  Check the available routes ----
DEBUG:logger:payload: {'destination_airport': 1}
INFO:werkzeug:127.0.0.1 - - [04/Dec/2024 18:16:06] "GET /cloud-query/check_routes HTTP/1.1" 200 -
INFO:werkzeug: * Detected change in '/Users/francisca_mateus/Desktop/Universidade/2º Ano/1º Semestre/SGD/Projeto/Cloud-Query/python/app/cloud_query.py', reloading
INFO:werkzeug: * Restarting with stat
INFO:logger:
---------------------------------------------------------------
API v1.0 online: http://localhost:8080/cloud-query/


WARNING:werkzeug: * Debugger is active!
INFO:werkzeug: * Debugger PIN: 105-872-535
INFO:logger:
---------------------------------------------------------------
API v1.0 online: http://localhost:8080/cloud-query/


INFO:werkzeug:[31m[1mWARNING: This is a development server. Do not use it in a production deployment. Use a production WSGI server instead.[0m
 * Running on all addresses (0.0.0.0)
 * Running on http://127.0.0.1:8080
 * Running on http://192.168.1.137:8080
INFO:werkzeug:[33mPress CTRL+C to quit[0m
INFO:werkzeug: * Restarting with stat
INFO:logger:
---------------------------------------------------------------
API v1.0 online: http://localhost:8080/cloud-query/


WARNING:werkzeug: * Debugger is active!
INFO:werkzeug: * Debugger PIN: 105-872-535
INFO:logger:###              DEMO: GET /check_seats           ###
INFO:werkzeug:127.0.0.1 - - [04/Dec/2024 18:20:00] "[31m[1mGET /cloud-query/seats HTTP/1.1[0m" 400 -
INFO:logger:
---------------------------------------------------------------
API v1.0 online: http://localhost:8080/cloud-query/


INFO:werkzeug:[31m[1mWARNING: This is a development server. Do not use it in a production deployment. Use a production WSGI server instead.[0m
 * Running on all addresses (0.0.0.0)
 * Running on http://127.0.0.1:8080
 * Running on http://192.168.1.137:8080
INFO:werkzeug:[33mPress CTRL+C to quit[0m
INFO:werkzeug: * Restarting with stat
INFO:logger:
---------------------------------------------------------------
API v1.0 online: http://localhost:8080/cloud-query/


WARNING:werkzeug: * Debugger is active!
INFO:werkzeug: * Debugger PIN: 105-872-535
INFO:logger:###              DEMO: GET /check_seats           ###
INFO:werkzeug:127.0.0.1 - - [04/Dec/2024 18:20:24] "[35m[1mGET /cloud-query/seats HTTP/1.1[0m" 500 -
INFO:logger:
---------------------------------------------------------------
API v1.0 online: http://localhost:8080/cloud-query/


INFO:werkzeug:[31m[1mWARNING: This is a development server. Do not use it in a production deployment. Use a production WSGI server instead.[0m
 * Running on all addresses (0.0.0.0)
 * Running on http://127.0.0.1:8080
 * Running on http://192.168.1.137:8080
INFO:werkzeug:[33mPress CTRL+C to quit[0m
INFO:werkzeug: * Restarting with stat
INFO:logger:
---------------------------------------------------------------
API v1.0 online: http://localhost:8080/cloud-query/


WARNING:werkzeug: * Debugger is active!
INFO:werkzeug: * Debugger PIN: 105-872-535
INFO:logger:
---------------------------------------------------------------
API v1.0 online: http://localhost:8080/cloud-query/


INFO:werkzeug:[31m[1mWARNING: This is a development server. Do not use it in a production deployment. Use a production WSGI server instead.[0m
 * Running on all addresses (0.0.0.0)
 * Running on http://127.0.0.1:8080
 * Running on http://192.168.1.137:8080
INFO:werkzeug:[33mPress CTRL+C to quit[0m
INFO:werkzeug: * Restarting with stat
INFO:logger:
---------------------------------------------------------------
API v1.0 online: http://localhost:8080/cloud-query/


WARNING:werkzeug: * Debugger is active!
INFO:werkzeug: * Debugger PIN: 105-872-535
INFO:logger:###              DEMO: GET /check_seats           ###
INFO:werkzeug:127.0.0.1 - - [04/Dec/2024 18:22:04] "GET /cloud-query/seats HTTP/1.1" 200 -
INFO:logger:###              DEMO: GET /check_seats           ###
INFO:werkzeug:127.0.0.1 - - [04/Dec/2024 18:22:13] "GET /cloud-query/seats HTTP/1.1" 200 -
INFO:werkzeug: * Detected change in '/Users/francisca_mateus/Desktop/Universidade/2º Ano/1º Semestre/SGD/Projeto/Cloud-Query/python/app/cloud_query.py', reloading
INFO:werkzeug: * Restarting with stat
INFO:logger:
---------------------------------------------------------------
API v1.0 online: http://localhost:8080/cloud-query/


WARNING:werkzeug: * Debugger is active!
INFO:werkzeug: * Debugger PIN: 105-872-535
INFO:logger:###              DEMO: GET /check_seats           ###
INFO:werkzeug:127.0.0.1 - - [04/Dec/2024 18:23:54] "GET /cloud-query/seats HTTP/1.1" 200 -
INFO:logger:
---------------------------------------------------------------
API v1.0 online: http://localhost:8080/cloud-query/


INFO:werkzeug:[31m[1mWARNING: This is a development server. Do not use it in a production deployment. Use a production WSGI server instead.[0m
 * Running on all addresses (0.0.0.0)
 * Running on http://127.0.0.1:8080
 * Running on http://192.168.1.137:8080
INFO:werkzeug:[33mPress CTRL+C to quit[0m
INFO:werkzeug: * Restarting with stat
INFO:logger:
---------------------------------------------------------------
API v1.0 online: http://localhost:8080/cloud-query/


WARNING:werkzeug: * Debugger is active!
INFO:werkzeug: * Debugger PIN: 105-872-535
INFO:logger:###              DEMO: GET /check_seats           ###
INFO:werkzeug:127.0.0.1 - - [04/Dec/2024 18:24:05] "GET /cloud-query/seats HTTP/1.1" 200 -
INFO:logger:
---------------------------------------------------------------
API v1.0 online: http://localhost:8080/cloud-query/


INFO:werkzeug:[31m[1mWARNING: This is a development server. Do not use it in a production deployment. Use a production WSGI server instead.[0m
 * Running on all addresses (0.0.0.0)
 * Running on http://127.0.0.1:8080
 * Running on http://192.168.1.137:8080
INFO:werkzeug:[33mPress CTRL+C to quit[0m
INFO:werkzeug: * Restarting with stat
INFO:logger:
---------------------------------------------------------------
API v1.0 online: http://localhost:8080/cloud-query/


WARNING:werkzeug: * Debugger is active!
INFO:werkzeug: * Debugger PIN: 105-872-535
INFO:logger:###              DEMO: GET /check_seats           ###
INFO:werkzeug:127.0.0.1 - - [04/Dec/2024 18:25:04] "[35m[1mGET /cloud-query/seats HTTP/1.1[0m" 500 -
INFO:logger:###              DEMO: GET /check_seats           ###
INFO:werkzeug:127.0.0.1 - - [04/Dec/2024 18:25:18] "GET /cloud-query/seats HTTP/1.1" 200 -
INFO:logger:
---------------------------------------------------------------
API v1.0 online: http://localhost:8080/cloud-query/


INFO:werkzeug:[31m[1mWARNING: This is a development server. Do not use it in a production deployment. Use a production WSGI server instead.[0m
 * Running on all addresses (0.0.0.0)
 * Running on http://127.0.0.1:8080
 * Running on http://192.168.1.137:8080
INFO:werkzeug:[33mPress CTRL+C to quit[0m
INFO:werkzeug: * Restarting with stat
INFO:logger:
---------------------------------------------------------------
API v1.0 online: http://localhost:8080/cloud-query/


WARNING:werkzeug: * Debugger is active!
INFO:werkzeug: * Debugger PIN: 105-872-535
INFO:logger:###              DEMO: PUT /users              ###
INFO:werkzeug:127.0.0.1 - - [04/Dec/2024 18:30:09] "PUT /cloud-query/user HTTP/1.1" 200 -
INFO:logger:###              DEMO: POST /book_flight             ###
INFO:logger:---- make your booking  ----
DEBUG:logger:payload: {'id': 4, 'exp': 1733340609.617694}
INFO:werkzeug:127.0.0.1 - - [04/Dec/2024 18:30:29] "[31m[1mPOST /cloud-query/book_flight HTTP/1.1[0m" 400 -
INFO:logger:###              DEMO: POST /book_flight             ###
INFO:logger:---- make your booking  ----
DEBUG:logger:payload: {'id': 4, 'exp': 1733340609.617694}
INFO:werkzeug:127.0.0.1 - - [04/Dec/2024 18:30:59] "[31m[1mPOST /cloud-query/book_flight HTTP/1.1[0m" 400 -
INFO:logger:###              DEMO: POST /book_flight             ###
INFO:logger:---- make your booking  ----
DEBUG:logger:payload: {'id': 4, 'exp': 1733340609.617694}
INFO:werkzeug:127.0.0.1 - - [04/Dec/2024 18:31:12] "POST /cloud-query/book_flight HTTP/1.1" 200 -
INFO:werkzeug: * Detected change in '/Users/francisca_mateus/Desktop/Universidade/2º Ano/1º Semestre/SGD/Projeto/Cloud-Query/python/app/cloud_query.py', reloading
INFO:werkzeug: * Restarting with stat
INFO:logger:
---------------------------------------------------------------
API v1.0 online: http://localhost:8080/cloud-query/


WARNING:werkzeug: * Debugger is active!
INFO:werkzeug: * Debugger PIN: 105-872-535
INFO:logger:###              DEMO: PUT /users              ###
INFO:werkzeug:127.0.0.1 - - [04/Dec/2024 18:38:31] "PUT /cloud-query/user HTTP/1.1" 200 -
INFO:logger:###              DEMO: POST /airport              ###
INFO:werkzeug:127.0.0.1 - - [04/Dec/2024 18:39:23] "[31m[1mPOST /cloud-query/airport HTTP/1.1[0m" 401 -
INFO:logger:###              DEMO: POST /airport              ###
INFO:werkzeug:127.0.0.1 - - [04/Dec/2024 18:39:36] "[31m[1mPOST /cloud-query/airport HTTP/1.1[0m" 400 -
INFO:logger:###              DEMO: POST /airport              ###
INFO:werkzeug:127.0.0.1 - - [04/Dec/2024 18:39:53] "[31m[1mPOST /cloud-query/airport HTTP/1.1[0m" 400 -
INFO:logger:###              DEMO: POST /airport              ###
INFO:logger:---- new airport  ----
DEBUG:logger:payload: {'id': 1, 'exp': 1733341111.183071}
INFO:werkzeug:127.0.0.1 - - [04/Dec/2024 18:39:59] "POST /cloud-query/airport HTTP/1.1" 200 -
INFO:logger:
---------------------------------------------------------------
API v1.0 online: http://localhost:8080/cloud-query/


INFO:werkzeug:[31m[1mWARNING: This is a development server. Do not use it in a production deployment. Use a production WSGI server instead.[0m
 * Running on all addresses (0.0.0.0)
 * Running on http://127.0.0.1:8080
 * Running on http://192.168.1.137:8080
INFO:werkzeug:[33mPress CTRL+C to quit[0m
INFO:werkzeug: * Restarting with stat
INFO:logger:
---------------------------------------------------------------
API v1.0 online: http://localhost:8080/cloud-query/


WARNING:werkzeug: * Debugger is active!
INFO:werkzeug: * Debugger PIN: 105-872-535
INFO:werkzeug: * Detected change in '/Users/francisca_mateus/Desktop/Universidade/2º Ano/1º Semestre/SGD/Projeto/Cloud-Query/python/app/cloud_query.py', reloading
INFO:werkzeug: * Restarting with stat
INFO:logger:
---------------------------------------------------------------
API v1.0 online: http://localhost:8080/cloud-query/


WARNING:werkzeug: * Debugger is active!
INFO:werkzeug: * Debugger PIN: 105-872-535
INFO:logger:
---------------------------------------------------------------
API v1.0 online: http://localhost:8080/cloud-query/


INFO:werkzeug:[31m[1mWARNING: This is a development server. Do not use it in a production deployment. Use a production WSGI server instead.[0m
 * Running on all addresses (0.0.0.0)
 * Running on http://127.0.0.1:8080
 * Running on http://192.168.1.137:8080
INFO:werkzeug:[33mPress CTRL+C to quit[0m
INFO:werkzeug: * Restarting with stat
INFO:logger:
---------------------------------------------------------------
API v1.0 online: http://localhost:8080/cloud-query/


WARNING:werkzeug: * Debugger is active!
INFO:werkzeug: * Debugger PIN: 105-872-535
INFO:logger:###              DEMO: POST /flight             ###
INFO:werkzeug:127.0.0.1 - - [04/Dec/2024 18:51:55] "[31m[1mPOST /cloud-query/flight HTTP/1.1[0m" 401 -
INFO:logger:###              DEMO: PUT /users              ###
INFO:werkzeug:127.0.0.1 - - [04/Dec/2024 18:52:00] "PUT /cloud-query/user HTTP/1.1" 200 -
INFO:logger:###              DEMO: POST /flight             ###
INFO:werkzeug:127.0.0.1 - - [04/Dec/2024 18:52:23] "[35m[1mPOST /cloud-query/flight HTTP/1.1[0m" 500 -
INFO:logger:
---------------------------------------------------------------
API v1.0 online: http://localhost:8080/cloud-query/


INFO:werkzeug:[31m[1mWARNING: This is a development server. Do not use it in a production deployment. Use a production WSGI server instead.[0m
 * Running on all addresses (0.0.0.0)
 * Running on http://127.0.0.1:8080
 * Running on http://192.168.1.137:8080
INFO:werkzeug:[33mPress CTRL+C to quit[0m
INFO:werkzeug: * Restarting with stat
INFO:logger:
---------------------------------------------------------------
API v1.0 online: http://localhost:8080/cloud-query/


WARNING:werkzeug: * Debugger is active!
INFO:werkzeug: * Debugger PIN: 105-872-535
INFO:logger:###              DEMO: POST /flight             ###
INFO:logger:---- new flight  ----
DEBUG:logger:payload: {'id': 1, 'exp': 1733341920.995462}
INFO:werkzeug:127.0.0.1 - - [04/Dec/2024 18:53:47] "POST /cloud-query/flight HTTP/1.1" 200 -
INFO:werkzeug: * Detected change in '/Users/francisca_mateus/Desktop/Universidade/2º Ano/1º Semestre/SGD/Projeto/Cloud-Query/python/app/cloud_query.py', reloading
INFO:werkzeug: * Restarting with stat
INFO:logger:
---------------------------------------------------------------
API v1.0 online: http://localhost:8080/cloud-query/


WARNING:werkzeug: * Debugger is active!
INFO:werkzeug: * Debugger PIN: 105-872-535
INFO:werkzeug: * Detected change in '/Users/francisca_mateus/Desktop/Universidade/2º Ano/1º Semestre/SGD/Projeto/Cloud-Query/python/app/cloud_query.py', reloading
INFO:werkzeug: * Restarting with stat
INFO:logger:
---------------------------------------------------------------
API v1.0 online: http://localhost:8080/cloud-query/


WARNING:werkzeug: * Debugger is active!
INFO:werkzeug: * Debugger PIN: 105-872-535
INFO:logger:
---------------------------------------------------------------
API v1.0 online: http://localhost:8080/cloud-query/


INFO:logger:
---------------------------------------------------------------
API v1.0 online: http://localhost:8080/cloud-query/


INFO:logger:###              DEMO: GET /top_routes             ###
INFO:logger:----  Monthly report with the top N routes with more passengers  ----
INFO:werkzeug:127.0.0.1 - - [05/Dec/2024 12:28:20] "GET /cloud-query/top_routes/2 HTTP/1.1" 200 -
INFO:logger:###              DEMO: PUT /users              ###
INFO:werkzeug:127.0.0.1 - - [05/Dec/2024 12:29:30] "PUT /cloud-query/user HTTP/1.1" 200 -
INFO:logger:###              DEMO: POST /schedule             ###
INFO:werkzeug:127.0.0.1 - - [05/Dec/2024 12:31:34] "[31m[1mPOST /cloud-query/schedule HTTP/1.1[0m" 401 -
INFO:logger:###              DEMO: POST /schedule             ###
INFO:logger:---- new schedule  ----
DEBUG:logger:payload: {'id': 1, 'exp': 1733405370.4607942}
INFO:werkzeug:127.0.0.1 - - [05/Dec/2024 12:31:41] "[35m[1mPOST /cloud-query/schedule HTTP/1.1[0m" 500 -
INFO:logger:
---------------------------------------------------------------
API v1.0 online: http://localhost:8080/cloud-query/


INFO:logger:
---------------------------------------------------------------
API v1.0 online: http://localhost:8080/cloud-query/


INFO:logger:
---------------------------------------------------------------
API v1.0 online: http://localhost:8080/cloud-query/


INFO:werkzeug:[31m[1mWARNING: This is a development server. Do not use it in a production deployment. Use a production WSGI server instead.[0m
 * Running on all addresses (0.0.0.0)
 * Running on http://127.0.0.1:8080
 * Running on http://10.16.0.201:8080
INFO:werkzeug:[33mPress CTRL+C to quit[0m
INFO:werkzeug: * Restarting with stat
INFO:logger:
---------------------------------------------------------------
API v1.0 online: http://localhost:8080/cloud-query/


WARNING:werkzeug: * Debugger is active!
INFO:werkzeug: * Debugger PIN: 929-903-062
INFO:logger:###              DEMO: POST /schedule             ###
INFO:werkzeug:127.0.0.1 - - [05/Dec/2024 12:36:36] "[35m[1mPOST /cloud-query/schedule HTTP/1.1[0m" 500 -
INFO:logger:###              DEMO: POST /schedule             ###
INFO:logger:---- new schedule  ----
DEBUG:logger:payload: {'id': 1, 'exp': 1733405370.4607942}
INFO:werkzeug:127.0.0.1 - - [05/Dec/2024 12:37:27] "[35m[1mPOST /cloud-query/schedule HTTP/1.1[0m" 500 -
INFO:logger:
---------------------------------------------------------------
API v1.0 online: http://localhost:8080/cloud-query/


INFO:werkzeug:[31m[1mWARNING: This is a development server. Do not use it in a production deployment. Use a production WSGI server instead.[0m
 * Running on all addresses (0.0.0.0)
 * Running on http://127.0.0.1:8080
 * Running on http://10.16.0.201:8080
INFO:werkzeug:[33mPress CTRL+C to quit[0m
INFO:werkzeug: * Restarting with stat
INFO:logger:
---------------------------------------------------------------
API v1.0 online: http://localhost:8080/cloud-query/


WARNING:werkzeug: * Debugger is active!
INFO:werkzeug: * Debugger PIN: 929-903-062
INFO:logger:###              DEMO: POST /schedule             ###
INFO:logger:---- new schedule  ----
DEBUG:logger:payload: {'id': 1, 'exp': 1733405370.4607942}
INFO:werkzeug:127.0.0.1 - - [05/Dec/2024 12:38:14] "[35m[1mPOST /cloud-query/schedule HTTP/1.1[0m" 500 -
INFO:logger:###              DEMO: POST /schedule             ###
INFO:logger:---- new schedule  ----
DEBUG:logger:payload: {'id': 1, 'exp': 1733405370.4607942}
ERROR:logger:duplicate key value violates unique constraint "flight__schedule__pkey"
DETAIL:  Key (flight__flight_code, schedule__flight_date)=(1, 2024-11-20) already exists.

INFO:werkzeug:127.0.0.1 - - [05/Dec/2024 12:38:36] "POST /cloud-query/schedule HTTP/1.1" 200 -
INFO:werkzeug: * Detected change in '/Users/francisca_mateus/Desktop/Universidade/2º Ano/1º Semestre/SGD/Projeto/Cloud-Query/python/app/cloud_query.py', reloading
INFO:werkzeug: * Restarting with stat
INFO:logger:
---------------------------------------------------------------
API v1.0 online: http://localhost:8080/cloud-query/


WARNING:werkzeug: * Debugger is active!
INFO:werkzeug: * Debugger PIN: 929-903-062
INFO:logger:
---------------------------------------------------------------
API v1.0 online: http://localhost:8080/cloud-query/


INFO:werkzeug:[31m[1mWARNING: This is a development server. Do not use it in a production deployment. Use a production WSGI server instead.[0m
 * Running on all addresses (0.0.0.0)
 * Running on http://127.0.0.1:8080
 * Running on http://10.16.0.201:8080
INFO:werkzeug:[33mPress CTRL+C to quit[0m
INFO:werkzeug: * Restarting with stat
INFO:logger:
---------------------------------------------------------------
API v1.0 online: http://localhost:8080/cloud-query/


WARNING:werkzeug: * Debugger is active!
INFO:werkzeug: * Debugger PIN: 929-903-062
INFO:logger:###              DEMO: POST /schedule             ###
INFO:werkzeug:127.0.0.1 - - [05/Dec/2024 13:34:08] "[31m[1mPOST /cloud-query/schedule HTTP/1.1[0m" 401 -
INFO:logger:###              DEMO: PUT /users              ###
INFO:werkzeug:127.0.0.1 - - [05/Dec/2024 13:34:12] "PUT /cloud-query/user HTTP/1.1" 200 -
INFO:logger:###              DEMO: POST /schedule             ###
INFO:logger:---- new schedule  ----
DEBUG:logger:payload: {'id': 1, 'exp': 1733409252.976959}
INFO:werkzeug:127.0.0.1 - - [05/Dec/2024 13:35:05] "[35m[1mPOST /cloud-query/schedule HTTP/1.1[0m" 500 -
INFO:logger:
---------------------------------------------------------------
API v1.0 online: http://localhost:8080/cloud-query/


INFO:werkzeug:[31m[1mWARNING: This is a development server. Do not use it in a production deployment. Use a production WSGI server instead.[0m
 * Running on all addresses (0.0.0.0)
 * Running on http://127.0.0.1:8080
 * Running on http://10.16.0.201:8080
INFO:werkzeug:[33mPress CTRL+C to quit[0m
INFO:werkzeug: * Restarting with stat
INFO:logger:
---------------------------------------------------------------
API v1.0 online: http://localhost:8080/cloud-query/


WARNING:werkzeug: * Debugger is active!
INFO:werkzeug: * Debugger PIN: 929-903-062
INFO:logger:###              DEMO: POST /schedule             ###
INFO:logger:---- new schedule  ----
DEBUG:logger:payload: {'id': 1, 'exp': 1733409252.976959}
INFO:werkzeug:127.0.0.1 - - [05/Dec/2024 13:35:49] "[35m[1mPOST /cloud-query/schedule HTTP/1.1[0m" 500 -
INFO:logger:
---------------------------------------------------------------
API v1.0 online: http://localhost:8080/cloud-query/


INFO:werkzeug:[31m[1mWARNING: This is a development server. Do not use it in a production deployment. Use a production WSGI server instead.[0m
 * Running on all addresses (0.0.0.0)
 * Running on http://127.0.0.1:8080
 * Running on http://10.16.0.201:8080
INFO:werkzeug:[33mPress CTRL+C to quit[0m
INFO:werkzeug: * Restarting with stat
INFO:logger:
---------------------------------------------------------------
API v1.0 online: http://localhost:8080/cloud-query/


WARNING:werkzeug: * Debugger is active!
INFO:werkzeug: * Debugger PIN: 929-903-062
INFO:logger:
---------------------------------------------------------------
API v1.0 online: http://localhost:8080/cloud-query/


INFO:werkzeug:[31m[1mWARNING: This is a development server. Do not use it in a production deployment. Use a production WSGI server instead.[0m
 * Running on all addresses (0.0.0.0)
 * Running on http://127.0.0.1:8080
 * Running on http://10.16.0.201:8080
INFO:werkzeug:[33mPress CTRL+C to quit[0m
INFO:werkzeug: * Restarting with stat
INFO:logger:
---------------------------------------------------------------
API v1.0 online: http://localhost:8080/cloud-query/


WARNING:werkzeug: * Debugger is active!
INFO:werkzeug: * Debugger PIN: 929-903-062
INFO:logger:###              DEMO: POST /schedule             ###
INFO:logger:---- new schedule  ----
DEBUG:logger:payload: {'id': 1, 'exp': 1733409252.976959}
ERROR:logger:duplicate key value violates unique constraint "flight__schedule__pkey"
DETAIL:  Key (flight__flight_code, schedule__flight_date)=(1, 2024-11-20) already exists.

INFO:werkzeug:127.0.0.1 - - [05/Dec/2024 13:36:57] "POST /cloud-query/schedule HTTP/1.1" 200 -
INFO:logger:###              DEMO: POST /schedule             ###
INFO:logger:---- new schedule  ----
DEBUG:logger:payload: {'id': 1, 'exp': 1733409252.976959}
ERROR:logger:duplicate key value violates unique constraint "flight__schedule__pkey"
DETAIL:  Key (flight__flight_code, schedule__flight_date)=(1, 2024-11-20) already exists.

INFO:werkzeug:127.0.0.1 - - [05/Dec/2024 13:37:10] "POST /cloud-query/schedule HTTP/1.1" 200 -
INFO:logger:###              DEMO: POST /schedule             ###
INFO:logger:---- new schedule  ----
DEBUG:logger:payload: {'id': 1, 'exp': 1733409252.976959}
ERROR:logger:duplicate key value violates unique constraint "flight__schedule__pkey"
DETAIL:  Key (flight__flight_code, schedule__flight_date)=(1, 2024-11-20) already exists.

INFO:werkzeug:127.0.0.1 - - [05/Dec/2024 13:37:11] "POST /cloud-query/schedule HTTP/1.1" 200 -
INFO:logger:
---------------------------------------------------------------
API v1.0 online: http://localhost:8080/cloud-query/


INFO:werkzeug:[31m[1mWARNING: This is a development server. Do not use it in a production deployment. Use a production WSGI server instead.[0m
 * Running on all addresses (0.0.0.0)
 * Running on http://127.0.0.1:8080
 * Running on http://10.16.0.201:8080
INFO:werkzeug:[33mPress CTRL+C to quit[0m
INFO:werkzeug: * Restarting with stat
INFO:logger:
---------------------------------------------------------------
API v1.0 online: http://localhost:8080/cloud-query/


WARNING:werkzeug: * Debugger is active!
INFO:werkzeug: * Debugger PIN: 929-903-062
INFO:logger:###              DEMO: POST /schedule             ###
INFO:logger:---- new schedule  ----
DEBUG:logger:payload: {'id': 1, 'exp': 1733409252.976959}
INFO:werkzeug:127.0.0.1 - - [05/Dec/2024 13:38:21] "[31m[1mPOST /cloud-query/schedule HTTP/1.1[0m" 400 -
INFO:werkzeug: * Detected change in '/Users/francisca_mateus/Desktop/Universidade/2º Ano/1º Semestre/SGD/Projeto/Cloud-Query/python/app/cloud_query.py', reloading
INFO:werkzeug: * Restarting with stat
INFO:logger:
---------------------------------------------------------------
API v1.0 online: http://localhost:8080/cloud-query/


WARNING:werkzeug: * Debugger is active!
INFO:werkzeug: * Debugger PIN: 929-903-062
INFO:werkzeug: * Detected change in '/Users/francisca_mateus/Desktop/Universidade/2º Ano/1º Semestre/SGD/Projeto/Cloud-Query/python/app/cloud_query.py', reloading
INFO:werkzeug: * Restarting with stat
INFO:logger:
---------------------------------------------------------------
API v1.0 online: http://localhost:8080/cloud-query/


WARNING:werkzeug: * Debugger is active!
INFO:werkzeug: * Debugger PIN: 929-903-062
INFO:logger:
---------------------------------------------------------------
API v1.0 online: http://localhost:8080/cloud-query/


INFO:werkzeug:[31m[1mWARNING: This is a development server. Do not use it in a production deployment. Use a production WSGI server instead.[0m
 * Running on all addresses (0.0.0.0)
 * Running on http://127.0.0.1:8080
 * Running on http://10.16.0.201:8080
INFO:werkzeug:[33mPress CTRL+C to quit[0m
INFO:werkzeug: * Restarting with stat
INFO:logger:
---------------------------------------------------------------
API v1.0 online: http://localhost:8080/cloud-query/


WARNING:werkzeug: * Debugger is active!
INFO:werkzeug: * Debugger PIN: 929-903-062
INFO:werkzeug:127.0.0.1 - - [06/Dec/2024 10:17:54] "GET /cloud-query/ HTTP/1.1" 200 -
INFO:werkzeug:127.0.0.1 - - [06/Dec/2024 10:17:54] "[33mGET /favicon.ico HTTP/1.1[0m" 404 -
INFO:werkzeug: * Detected change in '/Users/francisca_mateus/Desktop/Universidade/2º Ano/1º Semestre/SGD/Projeto/Cloud-Query/python/app/cloud_query.py', reloading
INFO:werkzeug: * Restarting with stat
INFO:logger:
---------------------------------------------------------------
API v1.0 online: http://localhost:8080/cloud-query/


WARNING:werkzeug: * Debugger is active!
INFO:werkzeug: * Debugger PIN: 929-903-062
INFO:werkzeug: * Detected change in '/Users/francisca_mateus/Desktop/Universidade/2º Ano/1º Semestre/SGD/Projeto/Cloud-Query/python/app/cloud_query.py', reloading
INFO:werkzeug: * Restarting with stat
INFO:logger:
---------------------------------------------------------------
API v1.0 online: http://localhost:8080/cloud-query/


WARNING:werkzeug: * Debugger is active!
INFO:werkzeug: * Debugger PIN: 929-903-062
INFO:logger:###              DEMO: PUT /users              ###
INFO:werkzeug:127.0.0.1 - - [06/Dec/2024 10:59:40] "PUT /cloud-query/user HTTP/1.1" 200 -
INFO:logger:
---------------------------------------------------------------
API v1.0 online: http://localhost:8080/cloud-query/


INFO:werkzeug:[31m[1mWARNING: This is a development server. Do not use it in a production deployment. Use a production WSGI server instead.[0m
 * Running on all addresses (0.0.0.0)
 * Running on http://127.0.0.1:8080
 * Running on http://10.16.0.201:8080
INFO:werkzeug:[33mPress CTRL+C to quit[0m
INFO:werkzeug: * Restarting with stat
INFO:logger:
---------------------------------------------------------------
API v1.0 online: http://localhost:8080/cloud-query/


WARNING:werkzeug: * Debugger is active!
INFO:werkzeug: * Debugger PIN: 929-903-062
INFO:logger:###              DEMO: PUT /users              ###
INFO:werkzeug:127.0.0.1 - - [06/Dec/2024 11:01:47] "PUT /cloud-query/user HTTP/1.1" 200 -
INFO:logger:###              DEMO: POST /book_flight             ###
INFO:logger:---- make your booking  ----
DEBUG:logger:payload: {'id': 4, 'exp': 1733486507.952551}
INFO:werkzeug:127.0.0.1 - - [06/Dec/2024 11:02:18] "[35m[1mPOST /cloud-query/book_flight HTTP/1.1[0m" 500 -
INFO:logger:
---------------------------------------------------------------
API v1.0 online: http://localhost:8080/cloud-query/


INFO:werkzeug:[31m[1mWARNING: This is a development server. Do not use it in a production deployment. Use a production WSGI server instead.[0m
 * Running on all addresses (0.0.0.0)
 * Running on http://127.0.0.1:8080
 * Running on http://10.16.0.201:8080
INFO:werkzeug:[33mPress CTRL+C to quit[0m
INFO:werkzeug: * Restarting with stat
INFO:logger:
---------------------------------------------------------------
API v1.0 online: http://localhost:8080/cloud-query/


WARNING:werkzeug: * Debugger is active!
INFO:werkzeug: * Debugger PIN: 929-903-062
INFO:logger:
---------------------------------------------------------------
API v1.0 online: http://localhost:8080/cloud-query/


INFO:werkzeug:[31m[1mWARNING: This is a development server. Do not use it in a production deployment. Use a production WSGI server instead.[0m
 * Running on all addresses (0.0.0.0)
 * Running on http://127.0.0.1:8080
 * Running on http://10.16.0.201:8080
INFO:werkzeug:[33mPress CTRL+C to quit[0m
INFO:werkzeug: * Restarting with stat
INFO:logger:
---------------------------------------------------------------
API v1.0 online: http://localhost:8080/cloud-query/


WARNING:werkzeug: * Debugger is active!
INFO:werkzeug: * Debugger PIN: 929-903-062
INFO:logger:###              DEMO: POST /book_flight             ###
INFO:logger:---- make your booking  ----
DEBUG:logger:payload: {'id': 4, 'exp': 1733486507.952551}
INFO:werkzeug:127.0.0.1 - - [06/Dec/2024 11:05:59] "[35m[1mPOST /cloud-query/book_flight HTTP/1.1[0m" 500 -
INFO:werkzeug: * Detected change in '/Users/francisca_mateus/Desktop/Universidade/2º Ano/1º Semestre/SGD/Projeto/Cloud-Query/python/app/cloud_query.py', reloading
INFO:werkzeug: * Restarting with stat
INFO:logger:
---------------------------------------------------------------
API v1.0 online: http://localhost:8080/cloud-query/


WARNING:werkzeug: * Debugger is active!
INFO:werkzeug: * Debugger PIN: 929-903-062
INFO:logger:
---------------------------------------------------------------
API v1.0 online: http://localhost:8080/cloud-query/


INFO:werkzeug:[31m[1mWARNING: This is a development server. Do not use it in a production deployment. Use a production WSGI server instead.[0m
 * Running on all addresses (0.0.0.0)
 * Running on http://127.0.0.1:8080
 * Running on http://192.168.1.137:8080
INFO:werkzeug:[33mPress CTRL+C to quit[0m
INFO:werkzeug: * Restarting with stat
INFO:logger:
---------------------------------------------------------------
API v1.0 online: http://localhost:8080/cloud-query/


WARNING:werkzeug: * Debugger is active!
INFO:werkzeug: * Debugger PIN: 929-903-062
INFO:logger:###              DEMO: PUT /users              ###
INFO:werkzeug:127.0.0.1 - - [06/Dec/2024 15:14:47] "PUT /cloud-query/user HTTP/1.1" 200 -
INFO:logger:
---------------------------------------------------------------
API v1.0 online: http://localhost:8080/cloud-query/


INFO:werkzeug:[31m[1mWARNING: This is a development server. Do not use it in a production deployment. Use a production WSGI server instead.[0m
 * Running on all addresses (0.0.0.0)
 * Running on http://127.0.0.1:8080
 * Running on http://192.168.1.137:8080
INFO:werkzeug:[33mPress CTRL+C to quit[0m
INFO:werkzeug: * Restarting with stat
INFO:logger:
---------------------------------------------------------------
API v1.0 online: http://localhost:8080/cloud-query/


WARNING:werkzeug: * Debugger is active!
INFO:werkzeug: * Debugger PIN: 929-903-062
INFO:logger:###              DEMO: PUT /users              ###
INFO:werkzeug:127.0.0.1 - - [06/Dec/2024 15:21:13] "PUT /cloud-query/user HTTP/1.1" 200 -
INFO:logger:###              DEMO: POST /make_payment             ###
INFO:werkzeug:127.0.0.1 - - [06/Dec/2024 15:22:31] "[31m[1mPOST /cloud-query/make_payment HTTP/1.1[0m" 401 -
INFO:logger:###              DEMO: POST /make_payment             ###
INFO:logger:---- make new payment  ----
DEBUG:logger:payload: {'id': 4, 'exp': 1733502073.913891}
INFO:werkzeug:127.0.0.1 - - [06/Dec/2024 15:22:45] "POST /cloud-query/make_payment HTTP/1.1" 200 -
INFO:logger:###              DEMO: POST /tickets             ###
INFO:logger:---- make your tickets  ----
DEBUG:logger:payload: {'id': 4, 'exp': 1733502073.913891}
INFO:werkzeug:127.0.0.1 - - [06/Dec/2024 15:24:17] "[35m[1mPOST /cloud-query/tickets HTTP/1.1[0m" 500 -
INFO:logger:
---------------------------------------------------------------
API v1.0 online: http://localhost:8080/cloud-query/


INFO:werkzeug:[31m[1mWARNING: This is a development server. Do not use it in a production deployment. Use a production WSGI server instead.[0m
 * Running on all addresses (0.0.0.0)
 * Running on http://127.0.0.1:8080
 * Running on http://192.168.1.137:8080
INFO:werkzeug:[33mPress CTRL+C to quit[0m
INFO:werkzeug: * Restarting with stat
INFO:logger:
---------------------------------------------------------------
API v1.0 online: http://localhost:8080/cloud-query/


WARNING:werkzeug: * Debugger is active!
INFO:werkzeug: * Debugger PIN: 929-903-062
INFO:logger:###              DEMO: POST /tickets             ###
INFO:logger:---- make your tickets  ----
DEBUG:logger:payload: {'id': 4, 'exp': 1733502073.913891}
INFO:werkzeug:127.0.0.1 - - [06/Dec/2024 15:24:44] "[35m[1mPOST /cloud-query/tickets HTTP/1.1[0m" 500 -
INFO:logger:
---------------------------------------------------------------
API v1.0 online: http://localhost:8080/cloud-query/


INFO:werkzeug:[31m[1mWARNING: This is a development server. Do not use it in a production deployment. Use a production WSGI server instead.[0m
 * Running on all addresses (0.0.0.0)
 * Running on http://127.0.0.1:8080
 * Running on http://192.168.1.137:8080
INFO:werkzeug:[33mPress CTRL+C to quit[0m
INFO:werkzeug: * Restarting with stat
INFO:logger:
---------------------------------------------------------------
API v1.0 online: http://localhost:8080/cloud-query/


WARNING:werkzeug: * Debugger is active!
INFO:werkzeug: * Debugger PIN: 929-903-062
INFO:logger:###              DEMO: POST /tickets             ###
INFO:logger:---- make your tickets  ----
DEBUG:logger:payload: {'id': 4, 'exp': 1733502073.913891}
INFO:werkzeug:127.0.0.1 - - [06/Dec/2024 15:25:45] "[35m[1mPOST /cloud-query/tickets HTTP/1.1[0m" 500 -
INFO:logger:
---------------------------------------------------------------
API v1.0 online: http://localhost:8080/cloud-query/


INFO:werkzeug:[31m[1mWARNING: This is a development server. Do not use it in a production deployment. Use a production WSGI server instead.[0m
 * Running on all addresses (0.0.0.0)
 * Running on http://127.0.0.1:8080
 * Running on http://192.168.1.137:8080
INFO:werkzeug:[33mPress CTRL+C to quit[0m
INFO:werkzeug: * Restarting with stat
INFO:logger:
---------------------------------------------------------------
API v1.0 online: http://localhost:8080/cloud-query/


WARNING:werkzeug: * Debugger is active!
INFO:werkzeug: * Debugger PIN: 929-903-062
INFO:logger:###              DEMO: POST /tickets             ###
INFO:logger:---- make your tickets  ----
DEBUG:logger:payload: {'id': 4, 'exp': 1733502073.913891}
INFO:werkzeug:127.0.0.1 - - [06/Dec/2024 15:26:18] "[35m[1mPOST /cloud-query/tickets HTTP/1.1[0m" 500 -
INFO:logger:
---------------------------------------------------------------
API v1.0 online: http://localhost:8080/cloud-query/


INFO:werkzeug:[31m[1mWARNING: This is a development server. Do not use it in a production deployment. Use a production WSGI server instead.[0m
 * Running on all addresses (0.0.0.0)
 * Running on http://127.0.0.1:8080
 * Running on http://192.168.1.137:8080
INFO:werkzeug:[33mPress CTRL+C to quit[0m
INFO:werkzeug: * Restarting with stat
INFO:logger:
---------------------------------------------------------------
API v1.0 online: http://localhost:8080/cloud-query/


WARNING:werkzeug: * Debugger is active!
INFO:werkzeug: * Debugger PIN: 929-903-062
INFO:logger:###              DEMO: POST /tickets             ###
INFO:logger:---- make your tickets  ----
DEBUG:logger:payload: {'id': 4, 'exp': 1733502073.913891}
INFO:werkzeug:127.0.0.1 - - [06/Dec/2024 15:26:52] "[35m[1mPOST /cloud-query/tickets HTTP/1.1[0m" 500 -
INFO:logger:
---------------------------------------------------------------
API v1.0 online: http://localhost:8080/cloud-query/


INFO:werkzeug:[31m[1mWARNING: This is a development server. Do not use it in a production deployment. Use a production WSGI server instead.[0m
 * Running on all addresses (0.0.0.0)
 * Running on http://127.0.0.1:8080
 * Running on http://192.168.1.137:8080
INFO:werkzeug:[33mPress CTRL+C to quit[0m
INFO:werkzeug: * Restarting with stat
INFO:logger:
---------------------------------------------------------------
API v1.0 online: http://localhost:8080/cloud-query/


WARNING:werkzeug: * Debugger is active!
INFO:werkzeug: * Debugger PIN: 929-903-062
INFO:logger:###              DEMO: POST /tickets             ###
INFO:logger:---- make your tickets  ----
DEBUG:logger:payload: {'id': 4, 'exp': 1733502073.913891}
INFO:werkzeug:127.0.0.1 - - [06/Dec/2024 15:27:55] "[35m[1mPOST /cloud-query/tickets HTTP/1.1[0m" 500 -
INFO:logger:###              DEMO: POST /make_payment             ###
INFO:logger:---- make new payment  ----
DEBUG:logger:payload: {'id': 4, 'exp': 1733502073.913891}
INFO:werkzeug:127.0.0.1 - - [06/Dec/2024 15:29:00] "POST /cloud-query/make_payment HTTP/1.1" 200 -
INFO:logger:###              DEMO: POST /tickets             ###
INFO:logger:---- make your tickets  ----
DEBUG:logger:payload: {'id': 4, 'exp': 1733502073.913891}
INFO:werkzeug:127.0.0.1 - - [06/Dec/2024 15:29:06] "POST /cloud-query/tickets HTTP/1.1" 200 -
INFO:werkzeug: * Detected change in '/Users/francisca_mateus/Desktop/Universidade/2º Ano/1º Semestre/SGD/Projeto/Cloud-Query/python/app/cloud_query.py', reloading
INFO:werkzeug: * Restarting with stat
INFO:logger:
---------------------------------------------------------------
API v1.0 online: http://localhost:8080/cloud-query/


WARNING:werkzeug: * Debugger is active!
INFO:werkzeug: * Debugger PIN: 929-903-062
INFO:werkzeug: * Detected change in '/Users/francisca_mateus/Desktop/Universidade/2º Ano/1º Semestre/SGD/Projeto/Cloud-Query/python/app/cloud_query.py', reloading
INFO:werkzeug: * Restarting with stat
INFO:logger:
---------------------------------------------------------------
API v1.0 online: http://localhost:8080/cloud-query/


WARNING:werkzeug: * Debugger is active!
INFO:werkzeug: * Debugger PIN: 929-903-062
INFO:werkzeug: * Detected change in '/Users/francisca_mateus/Desktop/Universidade/2º Ano/1º Semestre/SGD/Projeto/Cloud-Query/python/app/cloud_query.py', reloading
INFO:werkzeug: * Restarting with stat
INFO:logger:
---------------------------------------------------------------
API v1.0 online: http://localhost:8080/cloud-query/


WARNING:werkzeug: * Debugger is active!
INFO:werkzeug: * Debugger PIN: 929-903-062
INFO:werkzeug: * Detected change in '/Users/francisca_mateus/Desktop/Universidade/2º Ano/1º Semestre/SGD/Projeto/Cloud-Query/python/app/cloud_query.py', reloading
INFO:werkzeug: * Restarting with stat
INFO:logger:
---------------------------------------------------------------
API v1.0 online: http://localhost:8080/cloud-query/


WARNING:werkzeug: * Debugger is active!
INFO:werkzeug: * Debugger PIN: 929-903-062
INFO:logger:
---------------------------------------------------------------
API v1.0 online: http://localhost:8080/cloud-query/


INFO:werkzeug:[31m[1mWARNING: This is a development server. Do not use it in a production deployment. Use a production WSGI server instead.[0m
 * Running on all addresses (0.0.0.0)
 * Running on http://127.0.0.1:8080
 * Running on http://192.168.1.137:8080
INFO:werkzeug:[33mPress CTRL+C to quit[0m
INFO:werkzeug: * Restarting with stat
INFO:logger:
---------------------------------------------------------------
API v1.0 online: http://localhost:8080/cloud-query/


WARNING:werkzeug: * Debugger is active!
INFO:werkzeug: * Debugger PIN: 929-903-062
INFO:logger:###              DEMO: PUT /users              ###
INFO:werkzeug:127.0.0.1 - - [06/Dec/2024 16:14:57] "PUT /cloud-query/user HTTP/1.1" 200 -
INFO:logger:###              DEMO: POST /supervisor              ###
INFO:logger:---- add supervisor  ----
DEBUG:logger:payload: {'id': 1, 'exp': 1733505297.705716}
ERROR:logger:null value in column "admin__user__id_user" of relation "crew" violates not-null constraint
DETAIL:  Failing row contains (3, null, 6).

INFO:werkzeug:127.0.0.1 - - [06/Dec/2024 16:15:43] "POST /cloud-query/crew_supervisor HTTP/1.1" 200 -
INFO:logger:###              DEMO: POST /supervisor              ###
INFO:werkzeug:127.0.0.1 - - [06/Dec/2024 16:15:54] "[31m[1mPOST /cloud-query/crew_supervisor HTTP/1.1[0m" 400 -
INFO:logger:###              DEMO: POST /supervisor              ###
INFO:werkzeug:127.0.0.1 - - [06/Dec/2024 16:16:12] "[31m[1mPOST /cloud-query/crew_supervisor HTTP/1.1[0m" 400 -
INFO:werkzeug: * Detected change in '/Users/francisca_mateus/Desktop/Universidade/2º Ano/1º Semestre/SGD/Projeto/Cloud-Query/python/app/cloud_query.py', reloading
INFO:werkzeug: * Restarting with stat
INFO:logger:
---------------------------------------------------------------
API v1.0 online: http://localhost:8080/cloud-query/


WARNING:werkzeug: * Debugger is active!
INFO:werkzeug: * Debugger PIN: 929-903-062
INFO:werkzeug: * Detected change in '/Users/francisca_mateus/Desktop/Universidade/2º Ano/1º Semestre/SGD/Projeto/Cloud-Query/python/app/cloud_query.py', reloading
INFO:werkzeug: * Restarting with stat
INFO:logger:
---------------------------------------------------------------
API v1.0 online: http://localhost:8080/cloud-query/


INFO:werkzeug:[31m[1mWARNING: This is a development server. Do not use it in a production deployment. Use a production WSGI server instead.[0m
 * Running on all addresses (0.0.0.0)
 * Running on http://127.0.0.1:8080
 * Running on http://192.168.1.137:8080
INFO:werkzeug:[33mPress CTRL+C to quit[0m
INFO:werkzeug: * Restarting with stat
INFO:logger:
---------------------------------------------------------------
API v1.0 online: http://localhost:8080/cloud-query/


WARNING:werkzeug: * Debugger is active!
INFO:werkzeug: * Debugger PIN: 929-903-062
INFO:logger:###              DEMO: PUT /users              ###
INFO:werkzeug:127.0.0.1 - - [06/Dec/2024 17:03:40] "PUT /cloud-query/user HTTP/1.1" 200 -
INFO:logger:###              DEMO: POST /supervisor              ###
INFO:werkzeug:127.0.0.1 - - [06/Dec/2024 17:03:58] "[35m[1mGET /cloud-query/crew_member/get_work HTTP/1.1[0m" 500 -
INFO:logger:
---------------------------------------------------------------
API v1.0 online: http://localhost:8080/cloud-query/


INFO:werkzeug:[31m[1mWARNING: This is a development server. Do not use it in a production deployment. Use a production WSGI server instead.[0m
 * Running on all addresses (0.0.0.0)
 * Running on http://127.0.0.1:8080
 * Running on http://192.168.1.137:8080
INFO:werkzeug:[33mPress CTRL+C to quit[0m
INFO:werkzeug: * Restarting with stat
INFO:logger:
---------------------------------------------------------------
API v1.0 online: http://localhost:8080/cloud-query/


WARNING:werkzeug: * Debugger is active!
INFO:werkzeug: * Debugger PIN: 929-903-062
INFO:logger:###              DEMO: POST /supervisor              ###
ERROR:logger:strftime() missing required argument 'format' (pos 1)
INFO:werkzeug:127.0.0.1 - - [06/Dec/2024 17:05:42] "[35m[1mGET /cloud-query/crew_member/get_work HTTP/1.1[0m" 500 -
INFO:logger:
---------------------------------------------------------------
API v1.0 online: http://localhost:8080/cloud-query/


INFO:werkzeug:[31m[1mWARNING: This is a development server. Do not use it in a production deployment. Use a production WSGI server instead.[0m
 * Running on all addresses (0.0.0.0)
 * Running on http://127.0.0.1:8080
 * Running on http://192.168.1.137:8080
INFO:werkzeug:[33mPress CTRL+C to quit[0m
INFO:werkzeug: * Restarting with stat
INFO:logger:
---------------------------------------------------------------
API v1.0 online: http://localhost:8080/cloud-query/


WARNING:werkzeug: * Debugger is active!
INFO:werkzeug: * Debugger PIN: 929-903-062
INFO:logger:
---------------------------------------------------------------
API v1.0 online: http://localhost:8080/cloud-query/


INFO:werkzeug:[31m[1mWARNING: This is a development server. Do not use it in a production deployment. Use a production WSGI server instead.[0m
 * Running on all addresses (0.0.0.0)
 * Running on http://127.0.0.1:8080
 * Running on http://192.168.1.137:8080
INFO:werkzeug:[33mPress CTRL+C to quit[0m
INFO:werkzeug: * Restarting with stat
INFO:logger:
---------------------------------------------------------------
API v1.0 online: http://localhost:8080/cloud-query/


WARNING:werkzeug: * Debugger is active!
INFO:werkzeug: * Debugger PIN: 929-903-062
INFO:logger:###              DEMO: POST /supervisor              ###
INFO:werkzeug:127.0.0.1 - - [06/Dec/2024 17:07:56] "GET /cloud-query/crew_member/get_work HTTP/1.1" 200 -
INFO:werkzeug: * Detected change in '/Users/francisca_mateus/Desktop/Universidade/2º Ano/1º Semestre/SGD/Projeto/Cloud-Query/python/app/cloud_query.py', reloading
INFO:werkzeug: * Restarting with stat
INFO:logger:
---------------------------------------------------------------
API v1.0 online: http://localhost:8080/cloud-query/


WARNING:werkzeug: * Debugger is active!
INFO:werkzeug: * Debugger PIN: 929-903-062
INFO:werkzeug: * Detected change in '/Users/francisca_mateus/Desktop/Universidade/2º Ano/1º Semestre/SGD/Projeto/Cloud-Query/python/app/cloud_query.py', reloading
INFO:werkzeug: * Restarting with stat
INFO:logger:
---------------------------------------------------------------
API v1.0 online: http://localhost:8080/cloud-query/


WARNING:werkzeug: * Debugger is active!
INFO:werkzeug: * Debugger PIN: 929-903-062
INFO:werkzeug: * Detected change in '/Users/francisca_mateus/Desktop/Universidade/2º Ano/1º Semestre/SGD/Projeto/Cloud-Query/python/app/cloud_query.py', reloading
INFO:werkzeug: * Restarting with stat
INFO:logger:
---------------------------------------------------------------
API v1.0 online: http://localhost:8080/cloud-query/


WARNING:werkzeug: * Debugger is active!
INFO:werkzeug: * Debugger PIN: 929-903-062
INFO:werkzeug: * Detected change in '/Users/francisca_mateus/Desktop/Universidade/2º Ano/1º Semestre/SGD/Projeto/Cloud-Query/python/app/cloud_query.py', reloading
INFO:werkzeug: * Restarting with stat
INFO:logger:
---------------------------------------------------------------
API v1.0 online: http://localhost:8080/cloud-query/


WARNING:werkzeug: * Debugger is active!
INFO:werkzeug: * Debugger PIN: 929-903-062
INFO:logger:
---------------------------------------------------------------
API v1.0 online: http://localhost:8080/cloud-query/


INFO:werkzeug:[31m[1mWARNING: This is a development server. Do not use it in a production deployment. Use a production WSGI server instead.[0m
 * Running on all addresses (0.0.0.0)
 * Running on http://127.0.0.1:8080
 * Running on http://192.168.1.137:8080
INFO:werkzeug:[33mPress CTRL+C to quit[0m
INFO:werkzeug: * Restarting with stat
INFO:logger:
---------------------------------------------------------------
API v1.0 online: http://localhost:8080/cloud-query/


WARNING:werkzeug: * Debugger is active!
INFO:werkzeug: * Debugger PIN: 929-903-062
INFO:logger:###              DEMO: PUT /users              ###
INFO:werkzeug:127.0.0.1 - - [06/Dec/2024 19:59:14] "PUT /cloud-query/user HTTP/1.1" 200 -
INFO:logger:###              DEMO: POST /admin              ###
INFO:logger:###              DEMO: POST /users              ###
INFO:logger:---- new user  ----
DEBUG:logger:payload: {'username': 'ruben.dias', 'email': 'ruben.dias@admin.pt', 'password': '123ruben'}
INFO:logger:---- new admin  ----
DEBUG:logger:payload: {'username': 'ruben.dias', 'email': 'ruben.dias@admin.pt', 'password': '123ruben'}
INFO:werkzeug:127.0.0.1 - - [06/Dec/2024 20:00:16] "POST /cloud-query/admin HTTP/1.1" 200 -
INFO:logger:###              DEMO: POST /passenger              ###
INFO:logger:###              DEMO: POST /users              ###
INFO:logger:---- new user  ----
DEBUG:logger:payload: {'username': 'natalia.silva', 'email': 'natalia.silva@passenger.pt', 'password': '123natalia'}
INFO:logger:---- new passenger  ----
DEBUG:logger:payload: {'username': 'natalia.silva', 'email': 'natalia.silva@passenger.pt', 'password': '123natalia'}
INFO:werkzeug:127.0.0.1 - - [06/Dec/2024 20:01:59] "POST /cloud-query/passenger HTTP/1.1" 200 -
INFO:logger:###              DEMO: POST /crew              ###
INFO:logger:---- new crew  ----
DEBUG:logger:payload: {'id': 2, 'exp': 1733518754.23399}
INFO:werkzeug:127.0.0.1 - - [06/Dec/2024 20:03:46] "POST /cloud-query/crew HTTP/1.1" 200 -
INFO:logger:###              DEMO: GET /crew             ###
DEBUG:logger:---- departments  ----
DEBUG:logger:(1, 1, None)
DEBUG:logger:(2, 1, None)
DEBUG:logger:(4, 2, None)
INFO:werkzeug:127.0.0.1 - - [06/Dec/2024 20:04:18] "GET /cloud-query/crew HTTP/1.1" 200 -
INFO:werkzeug: * Detected change in '/Users/francisca_mateus/Desktop/Universidade/2º Ano/1º Semestre/SGD/Projeto/Cloud-Query/python/app/cloud_query.py', reloading
INFO:werkzeug: * Restarting with stat
INFO:logger:
---------------------------------------------------------------
API v1.0 online: http://localhost:8080/cloud-query/


WARNING:werkzeug: * Debugger is active!
INFO:werkzeug: * Debugger PIN: 929-903-062
INFO:logger:###              DEMO: POST /supervisor              ###
INFO:werkzeug:127.0.0.1 - - [06/Dec/2024 20:06:39] "[31m[1mPOST /cloud-query/crew_supervisor HTTP/1.1[0m" 400 -
INFO:logger:###              DEMO: POST /supervisor              ###
INFO:werkzeug:127.0.0.1 - - [06/Dec/2024 20:06:49] "[31m[1mPOST /cloud-query/crew_supervisor HTTP/1.1[0m" 400 -
INFO:logger:###              DEMO: POST /crew_member              ###
INFO:logger:###              DEMO: POST /users              ###
INFO:logger:---- new user  ----
DEBUG:logger:payload: {'username': 'florentino.luis', 'email': 'florentino.luis@crew.pt', 'password': '123florentino', 'role': 'flight_attendent', 'crew_id': 4}
INFO:logger:---- new crew_member  ----
DEBUG:logger:payload: {'username': 'florentino.luis', 'email': 'florentino.luis@crew.pt', 'password': '123florentino', 'role': 'flight_attendent', 'crew_id': 4}
ERROR:logger:cannot access local variable 'statement_2' where it is not associated with a value
INFO:werkzeug:127.0.0.1 - - [06/Dec/2024 20:08:25] "POST /cloud-query/crew_member HTTP/1.1" 200 -
INFO:werkzeug: * Detected change in '/Users/francisca_mateus/Desktop/Universidade/2º Ano/1º Semestre/SGD/Projeto/Cloud-Query/python/app/cloud_query.py', reloading
INFO:werkzeug: * Restarting with stat
INFO:logger:
---------------------------------------------------------------
API v1.0 online: http://localhost:8080/cloud-query/


WARNING:werkzeug: * Debugger is active!
INFO:werkzeug: * Debugger PIN: 929-903-062
INFO:logger:
---------------------------------------------------------------
API v1.0 online: http://localhost:8080/cloud-query/


INFO:werkzeug:[31m[1mWARNING: This is a development server. Do not use it in a production deployment. Use a production WSGI server instead.[0m
 * Running on all addresses (0.0.0.0)
 * Running on http://127.0.0.1:8080
 * Running on http://192.168.1.137:8080
INFO:werkzeug:[33mPress CTRL+C to quit[0m
INFO:werkzeug: * Restarting with stat
INFO:logger:
---------------------------------------------------------------
API v1.0 online: http://localhost:8080/cloud-query/


WARNING:werkzeug: * Debugger is active!
INFO:werkzeug: * Debugger PIN: 929-903-062
INFO:logger:###              DEMO: POST /crew_member              ###
INFO:logger:---- new crew_member  ----
DEBUG:logger:payload: {'username': 'florentino.luis', 'email': 'florentino.luis@crew.pt', 'password': '123florentino', 'role': 'flight_attendent', 'crew_id': 4}
INFO:werkzeug:127.0.0.1 - - [06/Dec/2024 20:14:06] "POST /cloud-query/crew_member HTTP/1.1" 200 -
INFO:werkzeug: * Detected change in '/Users/francisca_mateus/Desktop/Universidade/2º Ano/1º Semestre/SGD/Projeto/Cloud-Query/python/app/cloud_query.py', reloading
INFO:werkzeug: * Restarting with stat
INFO:logger:
---------------------------------------------------------------
API v1.0 online: http://localhost:8080/cloud-query/


WARNING:werkzeug: * Debugger is active!
INFO:werkzeug: * Debugger PIN: 929-903-062
INFO:werkzeug: * Detected change in '/Users/francisca_mateus/Desktop/Universidade/2º Ano/1º Semestre/SGD/Projeto/Cloud-Query/python/app/cloud_query.py', reloading
INFO:werkzeug: * Restarting with stat
INFO:logger:
---------------------------------------------------------------
API v1.0 online: http://localhost:8080/cloud-query/


WARNING:werkzeug: * Debugger is active!
INFO:werkzeug: * Debugger PIN: 929-903-062
INFO:logger:###              DEMO: POST /airport              ###
INFO:logger:---- new airport  ----
DEBUG:logger:payload: {'id': 2, 'exp': 1733518754.23399}
INFO:werkzeug:127.0.0.1 - - [06/Dec/2024 20:18:06] "POST /cloud-query/airport HTTP/1.1" 200 -
INFO:logger:###              DEMO: POST /flight             ###
INFO:werkzeug:127.0.0.1 - - [06/Dec/2024 20:20:15] "[31m[1mPOST /cloud-query/flight HTTP/1.1[0m" 400 -
INFO:logger:###              DEMO: PUT /users              ###
INFO:werkzeug:127.0.0.1 - - [06/Dec/2024 20:20:25] "PUT /cloud-query/user HTTP/1.1" 200 -
INFO:logger:###              DEMO: POST /flight             ###
INFO:logger:---- new flight  ----
DEBUG:logger:payload: {'id': 2, 'exp': 1733520025.4126122}
INFO:werkzeug:127.0.0.1 - - [06/Dec/2024 20:20:48] "POST /cloud-query/flight HTTP/1.1" 200 -
INFO:logger:###              DEMO: POST /schedule             ###
INFO:werkzeug:127.0.0.1 - - [06/Dec/2024 20:21:46] "[31m[1mPOST /cloud-query/schedule HTTP/1.1[0m" 400 -
INFO:logger:###              DEMO: POST /schedule             ###
INFO:logger:---- new schedule  ----
DEBUG:logger:payload: {'id': 2, 'exp': 1733520025.4126122}
INFO:werkzeug:127.0.0.1 - - [06/Dec/2024 20:21:56] "[31m[1mPOST /cloud-query/schedule HTTP/1.1[0m" 400 -
INFO:werkzeug: * Detected change in '/Users/francisca_mateus/Desktop/Universidade/2º Ano/1º Semestre/SGD/Projeto/Cloud-Query/python/app/cloud_query.py', reloading
INFO:werkzeug: * Restarting with stat
INFO:logger:
---------------------------------------------------------------
API v1.0 online: http://localhost:8080/cloud-query/


WARNING:werkzeug: * Debugger is active!
INFO:werkzeug: * Debugger PIN: 929-903-062
INFO:logger:
---------------------------------------------------------------
API v1.0 online: http://localhost:8080/cloud-query/


INFO:werkzeug:[31m[1mWARNING: This is a development server. Do not use it in a production deployment. Use a production WSGI server instead.[0m
 * Running on all addresses (0.0.0.0)
 * Running on http://127.0.0.1:8080
 * Running on http://192.168.1.137:8080
INFO:werkzeug:[33mPress CTRL+C to quit[0m
INFO:werkzeug: * Restarting with stat
INFO:logger:
---------------------------------------------------------------
API v1.0 online: http://localhost:8080/cloud-query/


WARNING:werkzeug: * Debugger is active!
INFO:werkzeug: * Debugger PIN: 929-903-062
INFO:logger:###              DEMO: POST /schedule             ###
INFO:logger:---- new schedule  ----
DEBUG:logger:payload: {'id': 2, 'exp': 1733520025.4126122}
INFO:werkzeug:127.0.0.1 - - [06/Dec/2024 20:26:05] "[35m[1mPOST /cloud-query/schedule HTTP/1.1[0m" 500 -
INFO:logger:
---------------------------------------------------------------
API v1.0 online: http://localhost:8080/cloud-query/


INFO:werkzeug:[31m[1mWARNING: This is a development server. Do not use it in a production deployment. Use a production WSGI server instead.[0m
 * Running on all addresses (0.0.0.0)
 * Running on http://127.0.0.1:8080
 * Running on http://192.168.1.137:8080
INFO:werkzeug:[33mPress CTRL+C to quit[0m
INFO:werkzeug: * Restarting with stat
INFO:logger:
---------------------------------------------------------------
API v1.0 online: http://localhost:8080/cloud-query/


WARNING:werkzeug: * Debugger is active!
INFO:werkzeug: * Debugger PIN: 929-903-062
INFO:logger:###              DEMO: POST /schedule             ###
INFO:logger:---- new schedule  ----
DEBUG:logger:payload: {'id': 2, 'exp': 1733520025.4126122}
INFO:werkzeug:127.0.0.1 - - [06/Dec/2024 20:26:32] "[35m[1mPOST /cloud-query/schedule HTTP/1.1[0m" 500 -
INFO:logger:
---------------------------------------------------------------
API v1.0 online: http://localhost:8080/cloud-query/


INFO:werkzeug:[31m[1mWARNING: This is a development server. Do not use it in a production deployment. Use a production WSGI server instead.[0m
 * Running on all addresses (0.0.0.0)
 * Running on http://127.0.0.1:8080
 * Running on http://192.168.1.137:8080
INFO:werkzeug:[33mPress CTRL+C to quit[0m
INFO:werkzeug: * Restarting with stat
INFO:logger:
---------------------------------------------------------------
API v1.0 online: http://localhost:8080/cloud-query/


WARNING:werkzeug: * Debugger is active!
INFO:werkzeug: * Debugger PIN: 929-903-062
INFO:logger:###              DEMO: POST /schedule             ###
INFO:logger:---- new schedule  ----
DEBUG:logger:payload: {'id': 2, 'exp': 1733520025.4126122}
INFO:werkzeug:127.0.0.1 - - [06/Dec/2024 20:27:11] "[31m[1mPOST /cloud-query/schedule HTTP/1.1[0m" 400 -
INFO:logger:
---------------------------------------------------------------
API v1.0 online: http://localhost:8080/cloud-query/


INFO:werkzeug:[31m[1mWARNING: This is a development server. Do not use it in a production deployment. Use a production WSGI server instead.[0m
 * Running on all addresses (0.0.0.0)
 * Running on http://127.0.0.1:8080
 * Running on http://192.168.1.137:8080
INFO:werkzeug:[33mPress CTRL+C to quit[0m
INFO:werkzeug: * Restarting with stat
INFO:logger:
---------------------------------------------------------------
API v1.0 online: http://localhost:8080/cloud-query/


WARNING:werkzeug: * Debugger is active!
INFO:werkzeug: * Debugger PIN: 929-903-062
INFO:logger:###              DEMO: POST /schedule             ###
INFO:logger:---- new schedule  ----
DEBUG:logger:payload: {'id': 2, 'exp': 1733520025.4126122}
INFO:werkzeug:127.0.0.1 - - [06/Dec/2024 20:28:29] "POST /cloud-query/schedule HTTP/1.1" 200 -
INFO:logger:
---------------------------------------------------------------
API v1.0 online: http://localhost:8080/cloud-query/


INFO:werkzeug:[31m[1mWARNING: This is a development server. Do not use it in a production deployment. Use a production WSGI server instead.[0m
 * Running on all addresses (0.0.0.0)
 * Running on http://127.0.0.1:8080
 * Running on http://192.168.1.137:8080
INFO:werkzeug:[33mPress CTRL+C to quit[0m
INFO:werkzeug: * Restarting with stat
INFO:logger:
---------------------------------------------------------------
API v1.0 online: http://localhost:8080/cloud-query/


WARNING:werkzeug: * Debugger is active!
INFO:werkzeug: * Debugger PIN: 929-903-062
INFO:logger:###              DEMO: GET /check_routes             ###
INFO:logger:----  Check the available routes ----
INFO:werkzeug:127.0.0.1 - - [06/Dec/2024 20:32:11] "GET /cloud-query/check_routes HTTP/1.1" 200 -
INFO:logger:###              DEMO: GET /check_routes             ###
INFO:logger:----  Check the available routes ----
DEBUG:logger:payload: {'origin_airport': 1}
INFO:werkzeug:127.0.0.1 - - [06/Dec/2024 20:33:44] "GET /cloud-query/check_routes HTTP/1.1" 200 -
INFO:logger:###              DEMO: GET /check_routes             ###
INFO:logger:----  Check the available routes ----
DEBUG:logger:payload: {'origin_airport': 1, 'destination_airport': 2}
INFO:werkzeug:127.0.0.1 - - [06/Dec/2024 20:34:07] "GET /cloud-query/check_routes HTTP/1.1" 200 -
INFO:logger:###              DEMO: GET /check_routes             ###
INFO:logger:----  Check the available routes ----
DEBUG:logger:payload: {'destination_airport': 2}
INFO:werkzeug:127.0.0.1 - - [06/Dec/2024 20:34:18] "GET /cloud-query/check_routes HTTP/1.1" 200 -
INFO:logger:###              DEMO: GET /check_seats           ###
INFO:werkzeug:127.0.0.1 - - [06/Dec/2024 20:36:42] "GET /cloud-query/seats HTTP/1.1" 200 -
INFO:logger:###              DEMO: PUT /users              ###
INFO:werkzeug:127.0.0.1 - - [06/Dec/2024 20:37:54] "PUT /cloud-query/user HTTP/1.1" 200 -
INFO:logger:###              DEMO: POST /book_flight             ###
INFO:werkzeug:127.0.0.1 - - [06/Dec/2024 20:39:08] "[31m[1mPOST /cloud-query/book_flight HTTP/1.1[0m" 400 -
INFO:logger:###              DEMO: POST /book_flight             ###
INFO:werkzeug:127.0.0.1 - - [06/Dec/2024 20:39:15] "[31m[1mPOST /cloud-query/book_flight HTTP/1.1[0m" 400 -
INFO:logger:###              DEMO: POST /book_flight             ###
INFO:logger:---- make your booking  ----
DEBUG:logger:payload: {'id': 8, 'exp': 1733521074.9988108}
INFO:werkzeug:127.0.0.1 - - [06/Dec/2024 20:40:20] "POST /cloud-query/book_flight HTTP/1.1" 200 -
INFO:logger:###              DEMO: GET /info_booking             ###
INFO:werkzeug:127.0.0.1 - - [06/Dec/2024 20:42:17] "GET /cloud-query/info_booking HTTP/1.1" 200 -
INFO:logger:###              DEMO: POST /make_payment             ###
INFO:logger:---- make new payment  ----
DEBUG:logger:payload: {'id': 8, 'exp': 1733521074.9988108}
INFO:werkzeug:127.0.0.1 - - [06/Dec/2024 20:42:58] "POST /cloud-query/make_payment HTTP/1.1" 200 -
INFO:logger:###              DEMO: POST /tickets             ###
INFO:logger:---- make your tickets  ----
DEBUG:logger:payload: {'id': 8, 'exp': 1733521074.9988108}
INFO:werkzeug:127.0.0.1 - - [06/Dec/2024 20:44:27] "POST /cloud-query/tickets HTTP/1.1" 200 -
INFO:logger:###              DEMO: GET /check_routes             ###
INFO:logger:----  Check the available routes ----
INFO:werkzeug:127.0.0.1 - - [06/Dec/2024 20:45:21] "GET /cloud-query/check_routes HTTP/1.1" 200 -
INFO:logger:###              DEMO: GET /top_routes             ###
INFO:logger:----  Monthly report with the top N routes with more passengers  ----
INFO:werkzeug:127.0.0.1 - - [06/Dec/2024 20:45:41] "GET /cloud-query/top_routes/2 HTTP/1.1" 200 -
INFO:logger:###              DEMO: GET /top_routes             ###
INFO:logger:----  Monthly report with the top N routes with more passengers  ----
INFO:werkzeug:127.0.0.1 - - [06/Dec/2024 20:45:51] "GET /cloud-query/top_routes/1 HTTP/1.1" 200 -
INFO:logger:###              DEMO: GET /top_routes             ###
INFO:logger:----  Monthly report with the top N routes with more passengers  ----
INFO:werkzeug:127.0.0.1 - - [06/Dec/2024 20:45:56] "[31m[1mGET /cloud-query/top_routes/0 HTTP/1.1[0m" 400 -
INFO:logger:###              DEMO: GET /top_routes             ###
INFO:logger:----  Monthly report with the top N routes with more passengers  ----
INFO:werkzeug:127.0.0.1 - - [06/Dec/2024 20:46:08] "GET /cloud-query/top_routes/1 HTTP/1.1" 200 -
INFO:logger:###              DEMO: GET /top_destinations             ###
INFO:logger:----  Report with the top N destinations ----
DEBUG:logger:N top destinatons: 1
INFO:werkzeug:127.0.0.1 - - [06/Dec/2024 20:48:06] "GET /cloud-query/top_destinations/1 HTTP/1.1" 200 -
INFO:logger:###              DEMO: GET /financial_data             ###
INFO:logger:---- Check financial data for the last year  ----
DEBUG:logger:(2, Decimal('9.78'), Decimal('9.78'), Decimal('213.26'), Decimal('232.82'))
DEBUG:logger:(4, Decimal('0'), Decimal('0'), Decimal('1000.00'), Decimal('1000.00'))
INFO:werkzeug:127.0.0.1 - - [06/Dec/2024 20:49:49] "GET /cloud-query/financial_data HTTP/1.1" 200 -
INFO:werkzeug: * Detected change in '/Users/francisca_mateus/Desktop/Universidade/2º Ano/1º Semestre/SGD/Projeto/Cloud-Query/python/app/cloud_query.py', reloading
INFO:werkzeug: * Restarting with stat
INFO:logger:
---------------------------------------------------------------
API v1.0 online: http://localhost:8080/cloud-query/


WARNING:werkzeug: * Debugger is active!
INFO:werkzeug: * Debugger PIN: 929-903-062
INFO:logger:###              DEMO: GET /financial_data             ###
INFO:logger:---- Check financial data for the last year  ----
DEBUG:logger:(2, Decimal('9.78'), Decimal('9.78'), Decimal('213.26'), Decimal('232.82'))
DEBUG:logger:(4, Decimal('0'), Decimal('0'), Decimal('1000.00'), Decimal('1000.00'))
INFO:werkzeug:127.0.0.1 - - [06/Dec/2024 20:57:20] "GET /cloud-query/financial_data HTTP/1.1" 200 -
INFO:logger:###              DEMO: GET /info_booking             ###
INFO:werkzeug:127.0.0.1 - - [06/Dec/2024 20:58:31] "GET /cloud-query/info_booking HTTP/1.1" 200 -
INFO:werkzeug: * Detected change in '/Users/francisca_mateus/Desktop/Universidade/2º Ano/1º Semestre/SGD/Projeto/Cloud-Query/python/app/cloud_query.py', reloading
INFO:werkzeug: * Restarting with stat
INFO:logger:
---------------------------------------------------------------
API v1.0 online: http://localhost:8080/cloud-query/


WARNING:werkzeug: * Debugger is active!
INFO:werkzeug: * Debugger PIN: 929-903-062
INFO:logger:###              DEMO: GET /financial_data             ###
INFO:logger:---- Check financial data for the last year  ----
DEBUG:logger:(2, Decimal('9.78'), Decimal('9.78'), Decimal('213.26'), Decimal('232.82'))
DEBUG:logger:(4, Decimal('0'), Decimal('0'), Decimal('1000.00'), Decimal('1000.00'))
INFO:werkzeug:127.0.0.1 - - [06/Dec/2024 21:55:44] "GET /cloud-query/financial_data HTTP/1.1" 200 -
INFO:logger:###              DEMO: PUT /users              ###
INFO:werkzeug:127.0.0.1 - - [06/Dec/2024 21:56:35] "PUT /cloud-query/user HTTP/1.1" 200 -
INFO:logger:###              DEMO: GET /check_seats           ###
INFO:werkzeug:127.0.0.1 - - [06/Dec/2024 21:58:04] "GET /cloud-query/seats HTTP/1.1" 200 -
INFO:logger:###              DEMO: POST /book_flight             ###
INFO:logger:---- make your booking  ----
DEBUG:logger:payload: {'id': 8, 'exp': 1733525795.847924}
ERROR:logger:tuple index out of range
INFO:werkzeug:127.0.0.1 - - [06/Dec/2024 21:58:47] "[35m[1mPOST /cloud-query/book_flight HTTP/1.1[0m" 500 -
INFO:logger:
---------------------------------------------------------------
API v1.0 online: http://localhost:8080/cloud-query/


INFO:werkzeug:[31m[1mWARNING: This is a development server. Do not use it in a production deployment. Use a production WSGI server instead.[0m
 * Running on all addresses (0.0.0.0)
 * Running on http://127.0.0.1:8080
 * Running on http://192.168.1.137:8080
INFO:werkzeug:[33mPress CTRL+C to quit[0m
INFO:werkzeug: * Restarting with stat
INFO:logger:
---------------------------------------------------------------
API v1.0 online: http://localhost:8080/cloud-query/


WARNING:werkzeug: * Debugger is active!
INFO:werkzeug: * Debugger PIN: 929-903-062
INFO:logger:###              DEMO: POST /book_flight             ###
INFO:logger:---- make your booking  ----
DEBUG:logger:payload: {'id': 8, 'exp': 1733525795.847924}
INFO:werkzeug:127.0.0.1 - - [06/Dec/2024 21:59:07] "[31m[1mPOST /cloud-query/book_flight HTTP/1.1[0m" 400 -
INFO:werkzeug: * Detected change in '/Users/francisca_mateus/Desktop/Universidade/2º Ano/1º Semestre/SGD/Projeto/Cloud-Query/python/app/cloud_query.py', reloading
INFO:werkzeug: * Restarting with stat
INFO:logger:
---------------------------------------------------------------
API v1.0 online: http://localhost:8080/cloud-query/


WARNING:werkzeug: * Debugger is active!
INFO:werkzeug: * Debugger PIN: 929-903-062
INFO:logger:
---------------------------------------------------------------
API v1.0 online: http://localhost:8080/cloud-query/


INFO:werkzeug:[31m[1mWARNING: This is a development server. Do not use it in a production deployment. Use a production WSGI server instead.[0m
 * Running on all addresses (0.0.0.0)
 * Running on http://127.0.0.1:8080
 * Running on http://192.168.1.137:8080
INFO:werkzeug:[33mPress CTRL+C to quit[0m
INFO:werkzeug: * Restarting with stat
INFO:logger:
---------------------------------------------------------------
API v1.0 online: http://localhost:8080/cloud-query/


WARNING:werkzeug: * Debugger is active!
INFO:werkzeug: * Debugger PIN: 929-903-062
INFO:logger:###              DEMO: POST /book_flight             ###
INFO:logger:---- make your booking  ----
DEBUG:logger:payload: {'id': 8, 'exp': 1733525795.847924}
INFO:werkzeug:127.0.0.1 - - [06/Dec/2024 22:02:33] "POST /cloud-query/book_flight HTTP/1.1" 200 -
INFO:werkzeug: * Detected change in '/Users/francisca_mateus/Desktop/Universidade/2º Ano/1º Semestre/SGD/Projeto/Cloud-Query/python/app/cloud_query.py', reloading
INFO:werkzeug: * Restarting with stat
INFO:logger:
---------------------------------------------------------------
API v1.0 online: http://localhost:8080/cloud-query/


WARNING:werkzeug: * Debugger is active!
INFO:werkzeug: * Debugger PIN: 929-903-062
INFO:logger:###              DEMO: POST /make_payment             ###
INFO:werkzeug:127.0.0.1 - - [06/Dec/2024 22:04:10] "[31m[1mPOST /cloud-query/make_payment HTTP/1.1[0m" 400 -
INFO:logger:###              DEMO: POST /make_payment             ###
INFO:logger:---- make new payment  ----
DEBUG:logger:payload: {'id': 8, 'exp': 1733525795.847924}
INFO:werkzeug:127.0.0.1 - - [06/Dec/2024 22:04:34] "[35m[1mPOST /cloud-query/make_payment HTTP/1.1[0m" 500 -
INFO:logger:###              DEMO: POST /make_payment             ###
INFO:logger:---- make new payment  ----
DEBUG:logger:payload: {'id': 8, 'exp': 1733525795.847924}
INFO:werkzeug:127.0.0.1 - - [06/Dec/2024 22:04:46] "POST /cloud-query/make_payment HTTP/1.1" 200 -
INFO:logger:###              DEMO: POST /make_payment             ###
INFO:logger:---- make new payment  ----
DEBUG:logger:payload: {'id': 8, 'exp': 1733525795.847924}
INFO:werkzeug:127.0.0.1 - - [06/Dec/2024 22:05:13] "POST /cloud-query/make_payment HTTP/1.1" 200 -
INFO:logger:
---------------------------------------------------------------
API v1.0 online: http://localhost:8080/cloud-query/


INFO:werkzeug:[31m[1mWARNING: This is a development server. Do not use it in a production deployment. Use a production WSGI server instead.[0m
 * Running on all addresses (0.0.0.0)
 * Running on http://127.0.0.1:8080
 * Running on http://192.168.1.137:8080
INFO:werkzeug:[33mPress CTRL+C to quit[0m
INFO:werkzeug: * Restarting with stat
INFO:logger:
---------------------------------------------------------------
API v1.0 online: http://localhost:8080/cloud-query/


WARNING:werkzeug: * Debugger is active!
INFO:werkzeug: * Debugger PIN: 929-903-062
INFO:logger:###              DEMO: PUT /users              ###
INFO:werkzeug:127.0.0.1 - - [06/Dec/2024 22:07:45] "PUT /cloud-query/user HTTP/1.1" 200 -
INFO:logger:###              DEMO: GET /financial_data             ###
INFO:logger:---- Check financial data for the last year  ----
DEBUG:logger:(2, Decimal('46.30'), Decimal('9.78'), Decimal('243.26'), Decimal('299.34'))
DEBUG:logger:(4, Decimal('0'), Decimal('0'), Decimal('1000.00'), Decimal('1000.00'))
INFO:werkzeug:127.0.0.1 - - [06/Dec/2024 22:08:01] "GET /cloud-query/financial_data HTTP/1.1" 200 -
INFO:logger:###              DEMO: PUT /users              ###
INFO:werkzeug:127.0.0.1 - - [06/Dec/2024 22:08:55] "PUT /cloud-query/user HTTP/1.1" 200 -
INFO:logger:###              DEMO: POST /supervisor              ###
ERROR:logger:relation "flight_attendant" does not exist
LINE 19: LEFT JOIN flight_attendant
                   ^

INFO:werkzeug:127.0.0.1 - - [06/Dec/2024 22:09:11] "[35m[1mGET /cloud-query/crew_member/get_work HTTP/1.1[0m" 500 -
INFO:werkzeug: * Detected change in '/Users/francisca_mateus/Desktop/Universidade/2º Ano/1º Semestre/SGD/Projeto/Cloud-Query/python/app/cloud_query.py', reloading
INFO:werkzeug: * Restarting with stat
INFO:logger:
---------------------------------------------------------------
API v1.0 online: http://localhost:8080/cloud-query/


WARNING:werkzeug: * Debugger is active!
INFO:werkzeug: * Debugger PIN: 929-903-062
INFO:logger:
---------------------------------------------------------------
API v1.0 online: http://localhost:8080/cloud-query/


INFO:werkzeug:[31m[1mWARNING: This is a development server. Do not use it in a production deployment. Use a production WSGI server instead.[0m
 * Running on all addresses (0.0.0.0)
 * Running on http://127.0.0.1:8080
 * Running on http://192.168.1.137:8080
INFO:werkzeug:[33mPress CTRL+C to quit[0m
INFO:werkzeug: * Restarting with stat
INFO:logger:
---------------------------------------------------------------
API v1.0 online: http://localhost:8080/cloud-query/


WARNING:werkzeug: * Debugger is active!
INFO:werkzeug: * Debugger PIN: 929-903-062
INFO:logger:###              DEMO: POST /supervisor              ###
INFO:werkzeug:127.0.0.1 - - [06/Dec/2024 22:10:09] "GET /cloud-query/crew_member/get_work HTTP/1.1" 200 -
INFO:logger:###              DEMO: POST /supervisor              ###
INFO:werkzeug:127.0.0.1 - - [06/Dec/2024 22:11:47] "[31m[1mPOST /cloud-query/crew_supervisor HTTP/1.1[0m" 400 -
INFO:logger:###              DEMO: POST /crew_member              ###
INFO:logger:---- new crew_member  ----
DEBUG:logger:payload: {'username': 'florentino.luis', 'email': 'florentino.luis@crew.pt', 'password': '123florentino', 'role': 'flight_attendant', 'crew_id': 4}
ERROR:logger:duplicate key value violates unique constraint "crew_members_pkey"
DETAIL:  Key (user__id_user)=(4) already exists.

INFO:werkzeug:127.0.0.1 - - [06/Dec/2024 22:16:32] "POST /cloud-query/crew_member HTTP/1.1" 200 -
INFO:logger:
---------------------------------------------------------------
API v1.0 online: http://localhost:8080/cloud-query/


INFO:werkzeug:[31m[1mWARNING: This is a development server. Do not use it in a production deployment. Use a production WSGI server instead.[0m
 * Running on all addresses (0.0.0.0)
 * Running on http://127.0.0.1:8080
 * Running on http://192.168.1.137:8080
INFO:werkzeug:[33mPress CTRL+C to quit[0m
INFO:werkzeug: * Restarting with stat
INFO:logger:
---------------------------------------------------------------
API v1.0 online: http://localhost:8080/cloud-query/


WARNING:werkzeug: * Debugger is active!
INFO:werkzeug: * Debugger PIN: 929-903-062
INFO:logger:###              DEMO: POST /crew_member              ###
INFO:logger:---- new crew_member  ----
DEBUG:logger:payload: {'username': 'florentino.luis', 'email': 'florentino.luis@crew.pt', 'password': '123florentino', 'role': 'flight_attendant', 'crew_id': 4}
ERROR:logger:duplicate key value violates unique constraint "crew_members_pkey"
DETAIL:  Key (user__id_user)=(4) already exists.

INFO:werkzeug:127.0.0.1 - - [06/Dec/2024 22:20:03] "POST /cloud-query/crew_member HTTP/1.1" 200 -
INFO:logger:
---------------------------------------------------------------
API v1.0 online: http://localhost:8080/cloud-query/


INFO:werkzeug:[31m[1mWARNING: This is a development server. Do not use it in a production deployment. Use a production WSGI server instead.[0m
 * Running on all addresses (0.0.0.0)
 * Running on http://127.0.0.1:8080
 * Running on http://192.168.1.137:8080
INFO:werkzeug:[33mPress CTRL+C to quit[0m
INFO:werkzeug: * Restarting with stat
INFO:logger:
---------------------------------------------------------------
API v1.0 online: http://localhost:8080/cloud-query/


WARNING:werkzeug: * Debugger is active!
INFO:werkzeug: * Debugger PIN: 929-903-062
INFO:logger:###              DEMO: POST /crew_member              ###
INFO:logger:---- new crew_member  ----
DEBUG:logger:payload: {'username': 'florentino.luis', 'email': 'florentino.luis@crew.pt', 'password': '123florentino', 'role': 'flight_attendant', 'crew_id': 4}
ERROR:logger:insert or update on table "flight_attendant" violates foreign key constraint "flight_attendante_fk2"
DETAIL:  Key (crew_members_user__id_user)=(9) is not present in table "crew_members".

INFO:werkzeug:127.0.0.1 - - [06/Dec/2024 22:20:45] "POST /cloud-query/crew_member HTTP/1.1" 200 -
INFO:logger:
---------------------------------------------------------------
API v1.0 online: http://localhost:8080/cloud-query/


INFO:werkzeug:[31m[1mWARNING: This is a development server. Do not use it in a production deployment. Use a production WSGI server instead.[0m
 * Running on all addresses (0.0.0.0)
 * Running on http://127.0.0.1:8080
 * Running on http://192.168.1.137:8080
INFO:werkzeug:[33mPress CTRL+C to quit[0m
INFO:werkzeug: * Restarting with stat
INFO:logger:
---------------------------------------------------------------
API v1.0 online: http://localhost:8080/cloud-query/


WARNING:werkzeug: * Debugger is active!
INFO:werkzeug: * Debugger PIN: 929-903-062
INFO:logger:###              DEMO: POST /crew_member              ###
INFO:logger:---- new crew_member  ----
DEBUG:logger:payload: {'username': 'florentino.luis', 'email': 'florentino.luis@crew.pt', 'password': '123florentino', 'role': 'flight_attendant', 'crew_id': 4}
ERROR:logger:duplicate key value violates unique constraint "crew_members_pkey"
DETAIL:  Key (user__id_user)=(4) already exists.

INFO:werkzeug:127.0.0.1 - - [06/Dec/2024 22:21:24] "POST /cloud-query/crew_member HTTP/1.1" 200 -
INFO:logger:
---------------------------------------------------------------
API v1.0 online: http://localhost:8080/cloud-query/


INFO:werkzeug:[31m[1mWARNING: This is a development server. Do not use it in a production deployment. Use a production WSGI server instead.[0m
 * Running on all addresses (0.0.0.0)
 * Running on http://127.0.0.1:8080
 * Running on http://192.168.1.137:8080
INFO:werkzeug:[33mPress CTRL+C to quit[0m
INFO:werkzeug: * Restarting with stat
INFO:logger:
---------------------------------------------------------------
API v1.0 online: http://localhost:8080/cloud-query/


WARNING:werkzeug: * Debugger is active!
INFO:werkzeug: * Debugger PIN: 929-903-062
INFO:logger:###              DEMO: POST /crew_member              ###
INFO:logger:---- new crew_member  ----
DEBUG:logger:payload: {'username': 'florentino.luis', 'email': 'florentino.luis@crew.pt', 'password': '123florentino', 'role': 'flight_attendant', 'crew_id': 4}
INFO:werkzeug:127.0.0.1 - - [06/Dec/2024 22:22:35] "POST /cloud-query/crew_member HTTP/1.1" 200 -
INFO:logger:###              DEMO: POST /supervisor              ###
INFO:werkzeug:127.0.0.1 - - [06/Dec/2024 22:23:14] "[31m[1mPOST /cloud-query/crew_supervisor HTTP/1.1[0m" 400 -
INFO:logger:###              DEMO: PUT /users              ###
INFO:werkzeug:127.0.0.1 - - [06/Dec/2024 22:23:59] "PUT /cloud-query/user HTTP/1.1" 200 -
INFO:logger:###              DEMO: POST /supervisor              ###
INFO:logger:---- add supervisor  ----
DEBUG:logger:payload: {'id': 2, 'exp': 1733527439.460621}
ERROR:logger:null value in column "admin__user__id_user" of relation "crew" violates not-null constraint
DETAIL:  Failing row contains (5, null, 9).

INFO:werkzeug:127.0.0.1 - - [06/Dec/2024 22:24:15] "POST /cloud-query/crew_supervisor HTTP/1.1" 200 -
INFO:werkzeug: * Detected change in '/Users/francisca_mateus/Desktop/Universidade/2º Ano/1º Semestre/SGD/Projeto/Cloud-Query/python/app/cloud_query.py', reloading
INFO:werkzeug: * Restarting with stat
INFO:logger:
---------------------------------------------------------------
API v1.0 online: http://localhost:8080/cloud-query/


WARNING:werkzeug: * Debugger is active!
INFO:werkzeug: * Debugger PIN: 929-903-062
INFO:logger:
---------------------------------------------------------------
API v1.0 online: http://localhost:8080/cloud-query/


INFO:werkzeug:[31m[1mWARNING: This is a development server. Do not use it in a production deployment. Use a production WSGI server instead.[0m
 * Running on all addresses (0.0.0.0)
 * Running on http://127.0.0.1:8080
 * Running on http://192.168.1.224:8080
INFO:werkzeug:[33mPress CTRL+C to quit[0m
INFO:werkzeug: * Restarting with stat
INFO:logger:
---------------------------------------------------------------
API v1.0 online: http://localhost:8080/cloud-query/


WARNING:werkzeug: * Debugger is active!
INFO:werkzeug: * Debugger PIN: 938-030-493
